Image,True label,Original pred,Rotated,Blurred,Noisy,Brightened,Saturated,Darkened
000_0002_j.png,0,0,0,0,0,0,0,0
000_0003_j.png,0,0,0,0,0,0,0,0
000_0004_j.png,0,0,0,0,0,0,0,0
000_0005_j.png,0,0,0,0,0,0,0,0
000_0006_j.png,0,0,0,0,0,0,0,0
000_0007_j.png,0,0,0,0,0,0,0,0
000_1_0002_1_j.png,0,0,0,0,0,0,0,0
000_1_0003_1_j.png,0,0,0,0,0,0,0,0
000_1_0004_1_j.png,0,0,0,0,0,0,0,0
000_1_0005_1_j.png,0,0,0,0,0,0,0,0
000_1_0006_1_j.png,0,0,0,0,0,0,0,0
000_1_0007_1_j.png,0,0,0,0,0,0,0,0
001_0001_j.png,1,5,52,24,5,5,5,5
001_0002_j.png,1,1,1,1,1,1,1,1
001_0003_j.png,1,1,1,1,1,1,1,1
001_0004_j.png,1,1,1,1,1,1,1,1
001_0005_j.png,1,1,1,52,1,1,1,56
001_0006_j.png,1,1,1,1,1,1,1,1
001_1_0001_1_j.png,1,5,52,24,52,5,5,5
001_1_0002_1_j.png,1,1,1,1,1,1,1,1
001_1_0003_1_j.png,1,1,1,1,1,1,1,1
001_1_0004_1_j.png,1,1,1,1,1,1,1,1
001_1_0005_1_j.png,1,1,1,52,1,1,1,56
001_1_0006_1_j.png,1,1,1,1,1,1,1,1
002_0001_j.png,2,2,2,2,2,2,2,2
002_0002_j.png,2,2,2,2,2,2,2,2
002_0003_j.png,2,2,2,2,2,2,2,2
002_0004_j.png,2,2,2,2,2,2,2,2
002_0005_j.png,2,2,2,2,2,2,2,2
002_0006_j.png,2,2,2,2,2,2,2,2
002_0007_j.png,2,2,2,2,2,2,2,54
002_0008_j.png,2,2,2,2,2,2,2,2
002_0009_j.png,2,2,2,2,2,2,2,2
002_0010_j.png,2,2,2,2,2,2,2,2
002_0011_j.png,2,2,2,2,2,2,2,2
002_0012_j.png,2,2,2,2,2,2,2,2
002_0014.png,2,2,2,2,2,2,2,2
002_0015.png,2,2,2,2,2,2,2,2
002_0016.png,2,2,2,2,2,2,2,2
002_0017.png,2,2,2,2,2,2,2,2
002_0018.png,2,2,5,2,2,22,2,2
002_0019.png,2,2,2,2,2,2,2,2
002_0020.png,2,2,2,2,2,2,2,2
002_0021.png,2,2,2,2,2,2,2,2
002_0022.png,2,2,2,2,2,2,2,2
002_0023.png,2,2,2,2,2,2,2,2
002_0024.png,2,2,2,2,2,2,2,2
002_0025.png,2,2,2,2,2,2,2,2
002_0026.png,2,2,2,2,2,2,2,2
002_0027.png,2,2,2,2,2,2,2,2
002_0028.png,2,2,2,2,2,2,2,2
002_0029.png,2,2,2,2,2,2,2,2
002_0030.png,2,2,2,2,2,2,2,2
002_0031.png,2,2,5,2,2,22,2,2
002_1_0001_1_j.png,2,2,2,2,2,2,2,2
002_1_0002_1_j.png,2,2,2,2,2,2,2,2
002_1_0003_1_j.png,2,2,2,2,2,2,2,2
002_1_0004_1_j.png,2,2,2,2,2,2,2,2
002_1_0005_1_j.png,2,2,2,2,2,2,2,2
002_1_0006_1_j.png,2,2,2,2,2,2,2,2
002_1_0007_1_j.png,2,2,2,2,2,2,2,54
002_1_0008_1_j.png,2,2,2,2,2,2,2,2
002_1_0009_1_j.png,2,2,2,2,2,2,2,2
002_1_0010_1_j.png,2,2,2,2,2,2,2,2
002_1_0011_1_j.png,2,2,2,2,2,2,2,2
002_1_0012_1_j.png,2,2,2,2,2,2,2,2
002_1_0014.png,2,2,2,2,2,2,2,2
002_1_0015.png,2,2,2,2,2,2,2,2
002_1_0016.png,2,2,2,2,2,2,2,2
002_1_0017.png,2,2,2,2,2,2,2,2
002_1_0018.png,2,2,5,2,2,22,2,2
002_1_0019.png,2,2,2,2,2,2,2,2
002_1_0020.png,2,2,2,2,2,2,2,2
002_1_0021.png,2,2,2,2,2,2,2,2
002_1_0022.png,2,2,2,2,2,2,2,2
002_1_0023.png,2,2,2,2,2,2,2,2
002_1_0024.png,2,2,2,2,2,2,2,2
002_1_0025.png,2,2,2,2,2,2,2,2
002_1_0026.png,2,2,2,2,2,2,2,2
002_1_0027.png,2,2,2,2,2,2,2,2
002_1_0028.png,2,2,2,2,2,2,2,2
002_1_0029.png,2,2,2,2,2,2,2,2
002_1_0030.png,2,2,2,2,2,2,2,2
002_1_0031.png,2,2,5,2,2,22,2,2
003_0001_j.png,3,3,3,3,3,3,3,3
003_0002_j.png,3,3,3,3,3,3,3,3
003_0003_j.png,3,3,3,24,3,3,3,5
003_0004_j.png,3,3,3,3,3,3,3,3
003_0005_j.png,3,3,3,31,3,3,3,3
003_0006_j.png,3,3,3,3,3,3,3,3
003_0007_j.png,3,3,5,3,3,3,3,3
003_0008_j.png,3,3,3,3,3,3,3,3
003_0009_j.png,3,3,3,3,3,3,3,3
003_0010_j.png,3,3,3,3,3,3,3,3
003_0011_j.png,3,3,3,3,3,3,3,3
003_0012_j.png,3,3,3,3,3,3,3,3
003_0013_j.png,3,3,3,3,3,3,3,3
003_0014_j.png,3,3,3,3,3,3,3,3
003_0015_j.png,3,3,3,3,3,3,3,3
003_0016_j.png,3,3,3,3,3,3,3,3
003_0017_j.png,3,3,3,3,3,3,3,35
003_0018_j.png,3,3,3,3,3,3,3,3
003_0019_j.png,3,3,54,56,30,3,3,54
003_0020_j.png,3,3,3,3,3,3,3,3
003_0021_j.png,3,3,3,3,3,3,3,3
003_0022_j.png,3,3,3,3,3,3,3,3
003_0023_j.png,3,3,3,3,3,3,3,3
003_0024_j.png,3,3,3,3,3,3,3,3
003_0025_j.png,3,3,3,3,3,3,3,3
003_0026_j.png,3,3,3,3,3,3,3,3
003_0027_j.png,3,3,3,3,3,3,3,3
003_0028_j.png,3,3,3,3,3,3,3,3
003_0029_j.png,3,3,3,3,3,3,3,3
003_0030.png,3,3,3,3,3,3,3,3
003_0031.png,3,3,3,3,3,3,3,3
003_0032.png,3,3,3,3,3,3,3,3
003_0033.png,3,3,3,2,3,3,3,3
003_0034.png,3,3,3,2,3,3,3,3
003_0035.png,3,3,3,3,3,3,3,3
003_0036.png,3,3,3,3,3,3,3,3
003_0037.png,3,3,3,3,3,3,3,3
003_0038.png,3,3,3,3,3,3,3,3
003_0039.png,3,3,3,3,3,3,3,3
003_0040.png,3,3,3,3,3,3,3,3
003_0041.png,3,3,3,3,3,3,3,3
003_0042.png,3,3,3,3,3,3,3,3
003_1_0001_1_j.png,3,3,3,3,3,3,3,3
003_1_0002_1_j.png,3,3,3,3,3,3,3,3
003_1_0003_1_j.png,3,3,3,24,3,3,3,5
003_1_0004_1_j.png,3,3,3,3,3,3,3,3
003_1_0005_1_j.png,3,3,3,31,3,3,3,3
003_1_0006_1_j.png,3,3,3,3,3,3,3,3
003_1_0007_1_j.png,3,3,5,3,3,3,3,3
003_1_0008_1_j.png,3,3,3,3,3,3,3,3
003_1_0009_1_j.png,3,3,3,3,3,3,3,3
003_1_0010_1_j.png,3,3,3,3,3,3,3,3
003_1_0011_1_j.png,3,3,3,3,3,3,3,3
003_1_0012_1_j.png,3,3,3,3,3,3,3,3
003_1_0013_1_j.png,3,3,3,3,3,3,3,3
003_1_0014_1_j.png,3,3,3,3,3,3,3,3
003_1_0015_1_j.png,3,3,3,3,3,3,3,3
003_1_0016_1_j.png,3,3,3,3,3,3,3,3
003_1_0017_1_j.png,3,3,3,3,3,3,3,35
003_1_0018_1_j.png,3,3,3,3,3,3,3,3
003_1_0019_1_j.png,3,3,54,56,30,3,3,54
003_1_0020_1_j.png,3,3,3,3,3,3,3,3
003_1_0021_1_j.png,3,3,3,3,3,3,3,3
003_1_0022_1_j.png,3,3,3,3,3,3,3,3
003_1_0023_1_j.png,3,3,3,3,3,3,3,3
003_1_0024_1_j.png,3,3,3,3,3,3,3,3
003_1_0025_1_j.png,3,3,3,3,3,3,3,3
003_1_0026_1_j.png,3,3,3,3,3,3,3,3
003_1_0027_1_j.png,3,3,3,3,3,3,3,3
003_1_0028_1_j.png,3,3,3,3,3,3,3,3
003_1_0029_1_j.png,3,3,3,3,3,3,3,3
003_1_0030.png,3,3,3,3,3,3,3,3
003_1_0031.png,3,3,3,3,3,3,3,3
003_1_0032.png,3,3,3,3,3,3,3,3
003_1_0033.png,3,3,3,2,3,3,3,3
003_1_0034.png,3,3,3,2,3,3,3,3
003_1_0035.png,3,3,3,3,3,3,3,3
003_1_0036.png,3,3,3,3,3,3,3,3
003_1_0037.png,3,3,3,3,3,3,3,3
003_1_0038.png,3,3,3,3,3,3,3,3
003_1_0039.png,3,3,3,3,3,3,3,3
003_1_0040.png,3,3,3,3,3,3,3,3
003_1_0041.png,3,3,3,3,3,3,3,3
003_1_0042.png,3,3,3,3,3,3,3,3
004_0001_j.png,4,4,4,4,4,4,4,4
004_0002_j.png,4,4,4,4,4,4,4,4
004_0003_j.png,4,4,4,4,4,4,4,4
004_0004_j.png,4,4,4,4,4,4,4,4
004_0005_j.png,4,4,4,4,4,4,4,4
004_0006_j.png,4,4,4,4,4,4,4,4
004_0007_j.png,4,4,4,5,4,4,4,5
004_0008_j.png,4,4,4,4,4,4,4,4
004_0009_j.png,4,4,4,4,4,4,4,4
004_0010_j.png,4,4,4,2,4,4,4,4
004_0011_j.png,4,4,4,4,4,4,4,4
004_0012_j.png,4,4,4,4,4,4,4,4
004_0013_j.png,4,4,4,4,4,4,4,4
004_0014_j.png,4,4,4,4,4,4,4,4
004_0015_j.png,4,4,4,4,4,4,4,4
004_0016_j.png,4,4,4,4,4,4,4,4
004_0017_j.png,4,2,54,2,2,2,2,2
004_0018_j.png,4,4,4,4,4,4,4,4
004_0019_j.png,4,4,4,4,4,4,4,4
004_0020_j.png,4,4,4,4,4,4,4,4
004_0021_j.png,4,4,4,4,4,4,4,19
004_0022_j.png,4,4,4,19,4,4,4,19
004_0023_j.png,4,4,4,4,4,4,4,4
004_0024_j.png,4,4,4,4,4,4,4,4
004_0025_j.png,4,4,2,5,4,4,4,4
004_0026_j.png,4,4,4,4,4,4,4,4
004_0027_j.png,4,2,4,2,2,4,4,4
004_0028_j.png,4,4,4,4,4,4,4,4
004_0029_j.png,4,4,4,4,4,4,4,4
004_1_0001_1_j.png,4,4,4,4,4,4,4,4
004_1_0002_1_j.png,4,4,4,4,4,4,4,4
004_1_0003_1_j.png,4,4,4,4,4,4,4,4
004_1_0004_1_j.png,4,4,4,4,4,4,4,4
004_1_0005_1_j.png,4,4,4,4,4,4,4,4
004_1_0006_1_j.png,4,4,4,4,4,4,4,4
004_1_0007_1_j.png,4,4,4,5,4,4,4,5
004_1_0008_1_j.png,4,4,4,4,4,4,4,4
004_1_0009_1_j.png,4,4,4,4,4,4,4,4
004_1_0010_1_j.png,4,4,4,2,4,4,4,4
004_1_0011_1_j.png,4,4,4,4,4,4,4,4
004_1_0012_1_j.png,4,4,4,4,4,4,4,4
004_1_0013_1_j.png,4,4,4,4,4,4,4,4
004_1_0014_1_j.png,4,4,4,4,4,4,4,4
004_1_0015_1_j.png,4,4,4,4,4,4,4,4
004_1_0016_1_j.png,4,4,4,4,4,4,4,4
004_1_0017_1_j.png,4,2,54,2,2,2,2,2
004_1_0018_1_j.png,4,4,4,4,4,4,4,4
004_1_0019_1_j.png,4,4,4,4,4,4,4,4
004_1_0020_1_j.png,4,4,4,4,4,4,4,4
004_1_0021_1_j.png,4,4,4,4,4,4,4,19
004_1_0022_1_j.png,4,4,4,19,4,4,4,19
004_1_0023_1_j.png,4,4,4,4,4,4,4,4
004_1_0024_1_j.png,4,4,4,4,4,4,4,4
004_1_0025_1_j.png,4,4,2,5,4,4,4,4
004_1_0026_1_j.png,4,4,4,4,4,4,4,4
004_1_0027_1_j.png,4,2,4,2,2,4,4,4
004_1_0028_1_j.png,4,4,4,4,4,4,4,4
004_1_0029_1_j.png,4,4,4,4,4,4,4,4
005_0001_j.png,5,5,5,5,5,5,5,5
005_0002_j.png,5,5,5,5,5,5,5,5
005_0003_j.png,5,2,5,54,5,5,2,5
005_0004_j.png,5,5,5,5,5,5,5,5
005_0005_j.png,5,5,5,5,5,5,5,5
005_0006_j.png,5,5,5,5,5,5,5,5
005_0007_j.png,5,5,5,5,5,5,5,5
005_0008_j.png,5,5,5,5,5,5,5,5
005_0009_j.png,5,19,5,54,27,5,19,5
005_0010_j.png,5,5,5,5,5,5,5,5
005_0011_j.png,5,5,5,5,5,5,5,5
005_0012_j.png,5,5,5,5,5,5,5,5
005_0013_j.png,5,5,5,5,5,5,5,5
005_0014_j.png,5,5,5,5,5,5,5,5
005_0015_j.png,5,5,5,4,5,5,5,5
005_0016_j.png,5,5,5,5,5,5,5,5
005_0017_j.png,5,5,5,5,3,5,5,35
005_0018_j.png,5,5,5,5,5,5,5,54
005_0019_j.png,5,5,5,2,2,2,5,5
005_0020_j.png,5,5,5,5,5,5,5,5
005_0021_j.png,5,5,5,5,5,5,5,5
005_0022_j.png,5,5,5,5,5,5,5,5
005_0023_j.png,5,5,5,5,5,5,5,5
005_0024_j.png,5,5,5,5,5,5,5,5
005_0025_j.png,5,5,5,5,5,5,5,5
005_1_0001_1_j.png,5,5,5,5,5,5,5,5
005_1_0002_1_j.png,5,5,5,5,5,5,5,5
005_1_0003_1_j.png,5,2,5,54,2,5,2,5
005_1_0004_1_j.png,5,5,5,5,5,5,5,5
005_1_0005_1_j.png,5,5,5,5,5,5,5,5
005_1_0006_1_j.png,5,5,5,5,5,5,5,5
005_1_0007_1_j.png,5,5,5,5,5,5,5,5
005_1_0008_1_j.png,5,5,5,5,5,5,5,5
005_1_0009_1_j.png,5,19,5,54,19,5,19,5
005_1_0010_1_j.png,5,5,5,5,5,5,5,5
005_1_0011_1_j.png,5,5,5,5,5,5,5,5
005_1_0012_1_j.png,5,5,5,5,5,5,5,5
005_1_0013_1_j.png,5,5,5,5,5,5,5,5
005_1_0014_1_j.png,5,5,5,5,5,5,5,5
005_1_0015_1_j.png,5,5,5,4,5,5,5,5
005_1_0016_1_j.png,5,5,5,5,5,5,5,5
005_1_0017_1_j.png,5,5,5,5,3,5,5,35
005_1_0018_1_j.png,5,5,5,5,5,5,5,54
005_1_0019_1_j.png,5,5,5,2,5,2,5,5
005_1_0020_1_j.png,5,5,5,5,5,5,5,5
005_1_0021_1_j.png,5,5,5,5,5,5,5,5
005_1_0022_1_j.png,5,5,5,5,5,5,5,5
005_1_0023_1_j.png,5,5,5,5,5,5,5,5
005_1_0024_1_j.png,5,5,5,5,5,5,5,5
005_1_0025_1_j.png,5,5,5,5,5,5,5,5
006_0001_j.png,6,6,6,6,6,6,6,6
006_0002_j.png,6,6,6,6,6,6,6,6
006_0003_j.png,6,6,6,6,6,6,6,6
006_0004_j.png,6,6,6,6,6,6,6,6
006_0005_j.png,6,6,6,6,6,6,6,6
006_0006_j.png,6,6,6,6,6,6,6,6
006_0007_j.png,6,6,6,6,6,6,6,6
006_0008_j.png,6,6,6,6,6,6,6,6
006_0009_j.png,6,6,6,6,6,6,6,6
006_0010_j.png,6,6,6,6,6,6,6,6
006_0011_j.png,6,6,6,6,6,6,6,6
006_0012_j.png,6,6,6,2,6,54,6,6
006_0013_j.png,6,2,2,2,2,2,2,4
006_0014_j.png,6,6,2,6,6,6,6,6
006_0015_j.png,6,6,6,2,6,6,6,6
006_1_0001_1_j.png,6,6,6,6,6,6,6,6
006_1_0002_1_j.png,6,6,6,6,6,6,6,6
006_1_0003_1_j.png,6,6,6,6,6,6,6,6
006_1_0004_1_j.png,6,6,6,6,6,6,6,6
006_1_0005_1_j.png,6,6,6,6,6,6,6,6
006_1_0006_1_j.png,6,6,6,6,6,6,6,6
006_1_0007_1_j.png,6,6,6,6,6,6,6,6
006_1_0008_1_j.png,6,6,6,6,6,6,6,6
006_1_0009_1_j.png,6,6,6,6,6,6,6,6
006_1_0010_1_j.png,6,6,6,6,6,6,6,6
006_1_0011_1_j.png,6,6,6,6,6,6,6,6
006_1_0012_1_j.png,6,6,6,2,6,54,6,6
006_1_0013_1_j.png,6,2,2,2,4,2,2,4
006_1_0014_1_j.png,6,6,2,6,6,6,6,6
006_1_0015_1_j.png,6,6,6,2,6,6,6,6
007_0001_j.png,7,2,2,54,54,2,2,35
007_0002_j.png,7,2,2,54,30,2,2,54
007_0003_j.png,7,7,5,7,7,7,7,7
007_0004_j.png,7,7,7,7,7,7,7,7
007_0005_j.png,7,7,7,7,7,7,7,7
007_0006_j.png,7,54,27,54,54,27,54,54
007_0007_j.png,7,7,7,7,7,7,7,7
007_0008_j.png,7,7,7,7,7,7,7,7
007_0009_j.png,7,7,7,7,7,7,7,7
007_0010_j.png,7,7,7,7,7,7,7,7
007_0011_j.png,7,7,7,7,7,7,7,7
007_0012_j.png,7,7,7,7,7,7,7,7
007_0013_j.png,7,7,7,7,7,7,7,7
007_0014_j.png,7,7,7,5,7,7,7,7
007_0015_j.png,7,19,19,19,19,19,19,19
007_0016_j.png,7,7,7,7,7,7,7,7
007_0017_j.png,7,7,7,7,7,7,7,7
007_0018_j.png,7,7,7,7,7,7,7,7
007_0019_j.png,7,7,7,7,7,7,7,7
007_0020_j.png,7,7,7,7,7,7,7,7
007_0021_j.png,7,7,7,7,7,7,7,7
007_0022_j.png,7,7,7,7,7,7,7,7
007_0023_j.png,7,7,7,7,7,7,7,7
007_0024_j.png,7,7,7,7,7,7,7,7
007_0025_j.png,7,7,7,7,7,7,7,7
007_1_0001_1_j.png,7,2,2,54,54,2,2,35
007_1_0002_1_j.png,7,2,2,54,54,2,2,54
007_1_0003_1_j.png,7,7,5,7,7,7,7,7
007_1_0004_1_j.png,7,7,7,7,7,7,7,7
007_1_0005_1_j.png,7,7,7,7,7,7,7,7
007_1_0006_1_j.png,7,54,27,54,27,27,54,54
007_1_0007_1_j.png,7,7,7,7,7,7,7,7
007_1_0008_1_j.png,7,7,7,7,7,7,7,7
007_1_0009_1_j.png,7,7,7,7,7,7,7,7
007_1_0010_1_j.png,7,7,7,7,7,7,7,7
007_1_0011_1_j.png,7,7,7,7,7,7,7,7
007_1_0012_1_j.png,7,7,7,7,7,7,7,7
007_1_0013_1_j.png,7,7,7,7,7,7,7,7
007_1_0014_1_j.png,7,7,7,5,7,7,7,7
007_1_0015_1_j.png,7,19,19,19,19,19,19,19
007_1_0016_1_j.png,7,7,7,7,7,7,7,7
007_1_0017_1_j.png,7,7,7,7,7,7,7,7
007_1_0018_1_j.png,7,7,7,7,7,7,7,7
007_1_0019_1_j.png,7,7,7,7,7,7,7,7
007_1_0020_1_j.png,7,7,7,7,7,7,7,7
007_1_0021_1_j.png,7,7,7,7,7,7,7,7
007_1_0022_1_j.png,7,7,7,7,7,7,7,7
007_1_0023_1_j.png,7,7,7,7,7,7,7,7
007_1_0024_1_j.png,7,7,7,7,7,7,7,7
007_1_0025_1_j.png,7,7,7,7,7,7,7,7
008_0001_j.png,8,8,8,8,8,8,8,8
008_0002_j.png,8,8,8,8,10,8,8,8
008_0003_j.png,8,8,57,42,8,8,8,8
008_0004_j.png,8,8,13,38,8,57,8,44
008_0006_j.png,8,8,8,8,8,8,8,8
008_0007_j.png,8,8,13,8,8,8,8,8
008_0009.png,8,8,8,8,39,8,8,8
008_1_0001_1_j.png,8,8,8,8,8,8,8,8
008_1_0002_1_j.png,8,8,8,8,10,8,8,8
008_1_0003_1_j.png,8,8,57,42,8,8,8,8
008_1_0004_1_j.png,8,8,13,38,8,57,8,44
008_1_0006_1_j.png,8,8,8,8,8,8,8,8
008_1_0007_1_j.png,8,8,13,8,8,8,8,8
008_1_0009.png,8,8,8,8,39,8,8,8
010_0001_j.png,10,10,10,10,10,10,10,10
010_0002_j.png,10,10,10,10,10,10,10,10
010_0003_j.png,10,10,10,10,10,10,10,10
010_0004_j.png,10,10,10,10,10,8,10,10
010_0005_j.png,10,10,10,10,10,10,10,10
010_0006_j.png,10,10,10,10,10,10,10,10
010_0007_j.png,10,10,10,10,10,10,10,10
010_0008_j.png,10,10,10,10,10,10,10,10
010_0009_j.png,10,10,10,10,10,10,10,10
010_0010_j.png,10,10,10,10,10,10,10,10
010_0011_j.png,10,10,10,10,10,10,10,10
010_0012_j.png,10,10,10,10,10,10,10,10
010_0013_j.png,10,10,10,10,10,8,10,10
010_0014_j.png,10,10,10,10,10,10,10,10
010_0015_j.png,10,10,10,10,10,10,10,10
010_0016_j.png,10,10,10,10,10,10,10,10
010_0017_j.png,10,10,10,10,10,10,10,10
010_0018_j.png,10,10,10,10,10,10,10,10
010_0019_j.png,10,10,10,10,10,10,10,10
010_0020_j.png,10,10,10,10,10,10,10,10
010_0021_j.png,10,10,10,10,10,10,10,10
010_0022_j.png,10,10,10,10,10,10,10,10
010_0023_j.png,10,10,10,10,10,10,10,10
010_0024_j.png,10,10,10,10,10,10,10,10
010_0025_j.png,10,10,10,10,10,10,10,10
010_0026_j.png,10,10,10,10,10,10,10,10
010_0027_j.png,10,10,10,10,10,10,10,10
010_0028_j.png,10,10,10,10,10,10,10,10
010_0029_j.png,10,15,14,5,14,15,15,15
010_0030_j.png,10,10,0,10,10,10,10,10
010_1_0001_1_j.png,10,10,10,10,10,10,10,10
010_1_0002_1_j.png,10,10,10,10,10,10,10,10
010_1_0003_1_j.png,10,10,10,10,10,10,10,10
010_1_0004_1_j.png,10,10,10,10,10,8,10,10
010_1_0005_1_j.png,10,10,10,10,10,10,10,10
010_1_0006_1_j.png,10,10,10,10,10,10,10,10
010_1_0007_1_j.png,10,10,10,10,10,10,10,10
010_1_0008_1_j.png,10,10,10,10,10,10,10,10
010_1_0009_1_j.png,10,10,10,10,10,10,10,10
010_1_0010_1_j.png,10,10,10,10,10,10,10,10
010_1_0011_1_j.png,10,10,10,10,10,10,10,10
010_1_0012_1_j.png,10,10,10,10,10,10,10,10
010_1_0013_1_j.png,10,10,10,10,10,8,10,10
010_1_0014_1_j.png,10,10,10,10,10,10,10,10
010_1_0015_1_j.png,10,10,10,10,10,10,10,10
010_1_0016_1_j.png,10,10,10,10,10,10,10,10
010_1_0017_1_j.png,10,10,10,10,10,10,10,10
010_1_0018_1_j.png,10,10,10,10,10,10,10,10
010_1_0019_1_j.png,10,10,10,10,10,10,10,10
010_1_0020_1_j.png,10,10,10,10,10,10,10,10
010_1_0021_1_j.png,10,10,10,10,10,10,10,10
010_1_0022_1_j.png,10,10,10,10,10,10,10,10
010_1_0023_1_j.png,10,10,10,10,10,10,10,10
010_1_0024_1_j.png,10,10,10,10,10,10,10,10
010_1_0025_1_j.png,10,10,10,10,10,10,10,10
010_1_0026_1_j.png,10,10,10,10,10,10,10,10
010_1_0027_1_j.png,10,10,10,10,10,10,10,10
010_1_0028_1_j.png,10,10,10,10,10,10,10,10
010_1_0029_1_j.png,10,15,14,5,14,15,15,15
010_1_0030_1_j.png,10,10,0,10,10,10,10,10
011_0001_j.png,11,11,11,11,11,11,11,11
011_0002_j.png,11,11,11,11,11,11,11,11
011_0003_j.png,11,11,11,11,11,11,11,11
011_0004_j.png,11,11,11,11,11,11,11,11
011_0005_j.png,11,11,11,11,11,11,11,11
011_0006_j.png,11,11,11,11,11,11,11,11
011_0007_j.png,11,11,11,11,11,11,11,11
011_0008_j.png,11,11,11,11,11,11,11,11
011_0009_j.png,11,11,11,11,11,11,11,11
011_0010_j.png,11,11,11,11,11,11,11,11
011_0011_j.png,11,11,11,11,11,11,11,11
011_0012_j.png,11,11,11,11,11,11,11,11
011_0013_j.png,11,11,11,11,11,11,11,11
011_0014_j.png,11,11,11,11,11,11,11,11
011_0015_j.png,11,11,11,11,11,11,11,11
011_0016_j.png,11,11,11,11,11,11,11,11
011_0017_j.png,11,11,11,11,11,11,11,11
011_0018_j.png,11,11,11,11,11,11,11,11
011_0019_j.png,11,11,11,11,11,11,11,11
011_0020_j.png,11,11,11,11,11,11,11,11
011_0021_j.png,11,11,11,11,11,11,11,11
011_0022_j.png,11,11,11,11,11,11,11,11
011_0023_j.png,11,11,11,11,11,11,11,11
011_0024_j.png,11,11,11,11,11,11,11,11
011_0025_j.png,11,11,11,11,11,11,11,11
011_0026_j.png,11,11,11,11,11,11,11,11
011_0027_j.png,11,11,11,11,11,11,11,11
011_0028_j.png,11,11,11,11,11,11,11,11
011_0029_j.png,11,11,11,11,11,11,11,11
011_0030_j.png,11,11,11,11,11,11,11,11
011_0031_j.png,11,11,11,11,11,11,11,11
011_0032_j.png,11,11,11,11,11,11,11,11
011_0033_j.png,11,11,11,11,11,11,11,11
011_0034_j.png,11,11,11,11,11,11,11,11
011_0035_j.png,11,11,11,11,11,11,11,11
011_0036_j.png,11,11,11,11,11,11,11,11
011_0037_j.png,11,11,11,11,11,11,11,11
011_0038_j.png,11,11,11,11,54,54,11,11
011_0039_j.png,11,11,11,11,11,11,11,11
011_0040_j.png,11,11,11,11,11,11,11,11
011_0041_j.png,11,11,11,11,11,11,11,11
011_0042_j.png,11,11,11,11,12,11,11,11
011_0043_j.png,11,11,11,11,11,0,11,11
011_0044_j.png,11,11,11,12,11,11,11,45
011_0045_j.png,11,11,11,11,11,11,11,11
011_0046_j.png,11,11,11,11,11,11,11,11
011_0047_j.png,11,11,11,11,11,11,11,11
011_0048_j.png,11,11,11,11,11,11,11,11
011_0049_j.png,11,11,11,11,11,11,11,11
011_0050_j.png,11,11,11,11,11,11,11,11
011_0051_j.png,11,11,11,11,11,11,11,11
011_0052_j.png,11,11,11,11,11,11,11,11
011_0053_j.png,11,11,11,11,12,11,11,11
011_0054_j.png,11,11,11,11,11,11,11,11
011_0056.png,11,11,17,11,11,11,11,11
011_0057.png,11,11,17,11,11,11,11,11
011_0058.png,11,11,11,11,11,11,11,11
011_0059.png,11,11,11,11,11,11,11,11
011_0060.png,11,12,11,12,12,0,12,12
011_0061.png,11,12,11,12,0,0,12,12
011_0062.png,11,11,11,11,11,11,11,54
011_0063.png,11,11,11,11,11,11,11,54
011_0064.png,11,12,12,12,12,12,12,11
011_0065.png,11,12,12,12,12,12,12,11
011_0066.png,11,11,11,11,11,11,11,11
011_1_0001_1_j.png,11,11,11,11,11,11,11,11
011_1_0002_1_j.png,11,11,11,11,11,11,11,11
011_1_0003_1_j.png,11,11,11,11,11,11,11,11
011_1_0004_1_j.png,11,11,11,11,11,11,11,11
011_1_0005_1_j.png,11,11,11,11,11,11,11,11
011_1_0006_1_j.png,11,11,11,11,11,11,11,11
011_1_0007_1_j.png,11,11,11,11,11,11,11,11
011_1_0008_1_j.png,11,11,11,11,11,11,11,11
011_1_0009_1_j.png,11,11,11,11,11,11,11,11
011_1_0010_1_j.png,11,11,11,11,11,11,11,11
011_1_0011_1_j.png,11,11,11,11,11,11,11,11
011_1_0012_1_j.png,11,11,11,11,11,11,11,11
011_1_0013_1_j.png,11,11,11,11,11,11,11,11
011_1_0014_1_j.png,11,11,11,11,11,11,11,11
011_1_0015_1_j.png,11,11,11,11,11,11,11,11
011_1_0016_1_j.png,11,11,11,11,11,11,11,11
011_1_0017_1_j.png,11,11,11,11,11,11,11,11
011_1_0018_1_j.png,11,11,11,11,11,11,11,11
011_1_0019_1_j.png,11,11,11,11,11,11,11,11
011_1_0020_1_j.png,11,11,11,11,11,11,11,11
011_1_0021_1_j.png,11,11,11,11,11,11,11,11
011_1_0022_1_j.png,11,11,11,11,11,11,11,11
011_1_0023_1_j.png,11,11,11,11,11,11,11,11
011_1_0024_1_j.png,11,11,11,11,11,11,11,11
011_1_0025_1_j.png,11,11,11,11,11,11,11,11
011_1_0026_1_j.png,11,11,11,11,11,11,11,11
011_1_0027_1_j.png,11,11,11,11,11,11,11,11
011_1_0028_1_j.png,11,11,11,11,11,11,11,11
011_1_0029_1_j.png,11,11,11,11,11,11,11,11
011_1_0030_1_j.png,11,11,11,11,11,11,11,11
011_1_0031_1_j.png,11,11,11,11,11,11,11,11
011_1_0032_1_j.png,11,11,11,11,11,11,11,11
011_1_0033_1_j.png,11,11,11,11,11,11,11,11
011_1_0034_1_j.png,11,11,11,11,11,11,11,11
011_1_0035_1_j.png,11,11,11,11,11,11,11,11
011_1_0036_1_j.png,11,11,11,11,11,11,11,11
011_1_0037_1_j.png,11,11,11,11,11,11,11,11
011_1_0038_1_j.png,11,11,11,11,29,54,11,11
011_1_0039_1_j.png,11,11,11,11,11,11,11,11
011_1_0040_1_j.png,11,11,11,11,11,11,11,11
011_1_0041_1_j.png,11,11,11,11,11,11,11,11
011_1_0042_1_j.png,11,11,11,11,11,11,11,11
011_1_0043_1_j.png,11,11,11,11,11,0,11,11
011_1_0044_1_j.png,11,11,11,12,11,11,11,45
011_1_0045_1_j.png,11,11,11,11,11,11,11,11
011_1_0046_1_j.png,11,11,11,11,11,11,11,11
011_1_0047_1_j.png,11,11,11,11,11,11,11,11
011_1_0048_1_j.png,11,11,11,11,11,11,11,11
011_1_0049_1_j.png,11,11,11,11,11,11,11,11
011_1_0050_1_j.png,11,11,11,11,11,11,11,11
011_1_0051_1_j.png,11,11,11,11,11,11,11,11
011_1_0052_1_j.png,11,11,11,11,11,11,11,11
011_1_0053_1_j.png,11,11,11,11,12,11,11,11
011_1_0054_1_j.png,11,11,11,11,11,11,11,11
011_1_0056.png,11,11,17,11,11,11,11,11
011_1_0057.png,11,11,17,11,11,11,11,11
011_1_0058.png,11,11,11,11,11,11,11,11
011_1_0059.png,11,11,11,11,11,11,11,11
011_1_0060.png,11,12,11,12,12,0,12,12
011_1_0061.png,11,12,11,12,12,0,12,12
011_1_0062.png,11,11,11,11,11,11,11,54
011_1_0063.png,11,11,11,11,54,11,11,54
011_1_0064.png,11,12,12,12,12,12,12,11
011_1_0065.png,11,12,12,12,12,12,12,11
011_1_0066.png,11,11,11,11,11,11,11,11
012_0001_j.png,12,12,12,12,12,12,12,35
012_0002_j.png,12,12,12,12,12,12,12,35
012_0003_j.png,12,12,12,12,12,12,12,35
012_0004_j.png,12,12,12,12,12,12,12,35
012_0005_j.png,12,12,12,12,12,12,12,12
012_0006_j.png,12,12,12,12,12,12,12,12
012_0007_j.png,12,12,12,12,12,12,12,12
012_0008_j.png,12,12,12,12,12,12,12,12
012_0009_j.png,12,12,12,12,12,12,12,12
012_0010_j.png,12,12,12,12,12,12,12,12
012_0011_j.png,12,12,12,12,12,12,12,12
012_1_0001_1_j.png,12,12,12,12,12,12,12,35
012_1_0002_1_j.png,12,12,12,12,12,12,12,35
012_1_0003_1_j.png,12,12,12,12,12,12,12,35
012_1_0004_1_j.png,12,12,12,12,12,12,12,35
012_1_0005_1_j.png,12,12,12,12,12,12,12,12
012_1_0006_1_j.png,12,12,12,12,12,12,12,12
012_1_0007_1_j.png,12,12,12,12,12,12,12,12
012_1_0008_1_j.png,12,12,12,12,12,12,12,12
012_1_0009_1_j.png,12,12,12,12,12,12,12,12
012_1_0010_1_j.png,12,12,12,12,12,12,12,12
012_1_0011_1_j.png,12,12,12,12,12,12,12,12
013_0001_j.png,13,13,13,13,13,13,13,13
013_0002_j.png,13,13,13,13,13,13,13,13
013_0003_j.png,13,13,13,27,13,13,13,13
013_0004_j.png,13,13,13,13,13,13,13,13
013_0005_j.png,13,13,13,13,13,13,13,13
013_0006_j.png,13,13,13,13,13,13,13,13
013_0007_j.png,13,13,13,27,13,13,13,13
013_0008_j.png,13,13,13,13,27,13,13,13
013_0009_j.png,13,13,13,13,27,13,13,13
013_0010_j.png,13,13,13,13,13,13,13,13
013_0011_j.png,13,13,13,13,13,13,13,13
013_0012_j.png,13,13,13,13,13,13,13,13
013_0013_j.png,13,37,52,37,37,57,57,44
013_0014_j.png,13,13,13,13,13,13,13,13
013_0015_j.png,13,13,13,13,13,13,13,13
013_0016_j.png,13,37,37,54,37,13,37,35
013_0017_j.png,13,13,14,13,37,13,13,35
013_0018_j.png,13,44,13,54,37,13,13,35
013_0019_j.png,13,13,50,13,47,13,13,35
013_0020_j.png,13,13,13,13,13,13,13,13
013_0021_j.png,13,13,13,13,44,13,13,35
013_0023_j.png,13,13,13,13,13,13,13,13
013_0024_j.png,13,13,13,13,13,13,13,13
013_0025_j.png,13,13,13,13,13,13,13,13
013_0026_j.png,13,13,13,13,56,13,13,35
013_0027_j.png,13,13,13,13,13,13,13,13
013_0028_j.png,13,13,13,54,38,2,13,37
013_0029_j.png,13,13,13,27,13,13,13,13
013_0030_j.png,13,13,13,13,13,13,13,13
013_0032.png,13,13,13,13,13,13,13,13
013_0033.png,13,13,13,13,13,13,13,13
013_0034.png,13,13,13,13,13,13,13,13
013_0035.png,13,13,13,13,13,13,13,13
013_0036.png,13,37,35,37,37,37,37,37
013_0037.png,13,37,35,37,37,37,37,37
013_0038.png,13,31,29,31,31,31,31,54
013_0039.png,13,31,29,31,31,31,31,54
013_0040.png,13,13,13,38,13,13,13,13
013_0041.png,13,13,13,38,13,13,13,13
013_0042.png,13,13,13,13,13,13,13,35
013_0043.png,13,13,13,13,13,13,13,35
013_0044.png,13,13,13,13,13,13,13,56
013_0045.png,13,13,13,13,13,13,13,56
013_0046.png,13,13,13,13,13,13,13,13
013_0047.png,13,13,13,13,13,13,13,13
013_0048.png,13,13,13,13,13,13,13,13
013_1_0001_1_j.png,13,13,13,13,13,13,13,13
013_1_0002_1_j.png,13,13,13,13,13,13,13,13
013_1_0003_1_j.png,13,13,13,27,13,13,13,13
013_1_0004_1_j.png,13,13,13,13,13,13,13,13
013_1_0005_1_j.png,13,13,13,13,13,13,13,13
013_1_0006_1_j.png,13,13,13,13,13,13,13,13
013_1_0007_1_j.png,13,13,13,27,13,13,13,13
013_1_0008_1_j.png,13,13,13,13,13,13,13,13
013_1_0009_1_j.png,13,13,13,13,27,13,13,13
013_1_0010_1_j.png,13,13,13,13,13,13,13,13
013_1_0011_1_j.png,13,13,13,13,13,13,13,13
013_1_0012_1_j.png,13,13,13,13,13,13,13,13
013_1_0013_1_j.png,13,37,52,37,57,57,57,44
013_1_0014_1_j.png,13,13,13,13,13,13,13,13
013_1_0015_1_j.png,13,13,13,13,13,13,13,13
013_1_0016_1_j.png,13,37,37,54,37,13,37,35
013_1_0017_1_j.png,13,13,14,13,37,13,13,35
013_1_0018_1_j.png,13,44,13,54,54,13,13,35
013_1_0019_1_j.png,13,13,50,13,44,13,13,35
013_1_0020_1_j.png,13,13,13,13,13,13,13,13
013_1_0021_1_j.png,13,13,13,13,44,13,13,35
013_1_0023_1_j.png,13,13,13,13,13,13,13,13
013_1_0024_1_j.png,13,13,13,13,13,13,13,13
013_1_0025_1_j.png,13,13,13,13,13,13,13,13
013_1_0026_1_j.png,13,13,13,13,27,13,13,35
013_1_0027_1_j.png,13,13,13,13,13,13,13,13
013_1_0028_1_j.png,13,13,13,54,44,2,13,37
013_1_0029_1_j.png,13,13,13,27,13,13,13,13
013_1_0030_1_j.png,13,13,13,13,13,13,13,13
013_1_0032.png,13,13,13,13,13,13,13,13
013_1_0033.png,13,13,13,13,13,13,13,13
013_1_0034.png,13,13,13,13,13,13,13,13
013_1_0035.png,13,13,13,13,13,13,13,13
013_1_0036.png,13,37,35,37,37,37,37,37
013_1_0037.png,13,37,35,37,37,37,37,37
013_1_0038.png,13,31,29,31,31,31,31,54
013_1_0039.png,13,31,29,31,31,31,31,54
013_1_0040.png,13,13,13,38,13,13,13,13
013_1_0041.png,13,13,13,38,13,13,13,13
013_1_0042.png,13,13,13,13,14,13,13,35
013_1_0043.png,13,13,13,13,37,13,13,35
013_1_0044.png,13,13,13,13,13,13,13,56
013_1_0045.png,13,13,13,13,13,13,13,56
013_1_0046.png,13,13,13,13,13,13,13,13
013_1_0047.png,13,13,13,13,13,13,13,13
013_1_0048.png,13,13,13,13,13,13,13,13
014_0001_j.png,14,14,14,14,14,14,14,14
014_0002_j.png,14,14,14,14,14,14,14,14
014_0003_j.png,14,14,14,14,14,14,14,14
014_0004_j.png,14,14,14,14,14,14,14,14
014_0005_j.png,14,14,14,52,14,14,14,14
014_0006_j.png,14,14,14,14,14,14,14,14
014_1_0001_1_j.png,14,14,14,14,14,14,14,14
014_1_0002_1_j.png,14,14,14,14,14,14,14,14
014_1_0003_1_j.png,14,14,14,14,14,14,14,14
014_1_0004_1_j.png,14,14,14,14,14,14,14,14
014_1_0005_1_j.png,14,14,14,52,14,14,14,14
014_1_0006_1_j.png,14,14,14,14,14,14,14,14
015_0001_j.png,15,15,15,15,15,15,15,15
015_0002_j.png,15,15,15,15,15,15,15,15
015_0003_j.png,15,15,15,15,15,15,15,15
015_0004_j.png,15,5,5,54,5,5,15,15
015_0005_j.png,15,15,15,15,15,15,15,15
015_0006_j.png,15,15,15,15,15,15,15,35
015_0007_j.png,15,7,7,7,2,2,2,2
015_0008_j.png,15,15,14,54,2,9,15,54
015_0009_j.png,15,5,5,19,7,15,5,19
015_0010_j.png,15,15,14,5,5,15,15,15
015_0012.png,15,15,15,15,15,15,15,15
015_0013.png,15,15,15,15,15,15,15,15
015_0014.png,15,2,7,2,2,6,6,6
015_0015.png,15,2,7,2,2,6,6,6
015_0016.png,15,15,7,7,7,15,15,15
015_0017.png,15,15,7,7,7,15,15,15
015_0018.png,15,2,7,21,2,15,2,29
015_0019.png,15,15,15,15,15,15,15,15
015_1_0001_1_j.png,15,15,15,15,15,15,15,15
015_1_0002_1_j.png,15,15,15,15,15,15,15,15
015_1_0003_1_j.png,15,15,15,15,15,15,15,15
015_1_0004_1_j.png,15,5,5,54,5,5,15,15
015_1_0005_1_j.png,15,15,15,15,15,15,15,15
015_1_0006_1_j.png,15,15,15,15,15,15,15,35
015_1_0007_1_j.png,15,7,7,7,3,2,2,2
015_1_0008_1_j.png,15,15,14,54,44,9,15,54
015_1_0009_1_j.png,15,5,5,19,5,15,5,19
015_1_0010_1_j.png,15,15,14,5,15,15,15,15
015_1_0012.png,15,15,15,15,15,15,15,15
015_1_0013.png,15,15,15,15,15,15,15,15
015_1_0014.png,15,2,7,2,2,6,6,6
015_1_0015.png,15,2,7,2,6,6,6,6
015_1_0016.png,15,15,7,7,15,15,15,15
015_1_0017.png,15,15,7,7,15,15,15,15
015_1_0018.png,15,2,7,21,2,15,2,29
015_1_0019.png,15,15,15,15,15,15,15,15
016_0001_j.png,16,16,16,16,16,29,16,16
016_0002_j.png,16,16,16,16,16,16,16,16
016_0003_j.png,16,16,16,16,16,16,16,16
016_0004_j.png,16,16,16,16,16,16,16,16
016_0005_j.png,16,16,16,16,16,16,16,16
016_0006_j.png,16,16,16,16,16,16,16,16
016_0007_j.png,16,16,16,16,16,16,16,16
016_0008_j.png,16,16,16,16,16,16,16,16
016_0009_j.png,16,16,16,16,16,16,16,16
016_0010_j.png,16,16,16,16,16,16,16,16
016_0011_j.png,16,16,16,16,16,16,16,16
016_0012_j.png,16,16,16,16,16,16,16,16
016_0013_j.png,16,16,16,16,16,16,16,16
016_0014_j.png,16,16,16,16,16,16,16,16
016_0015_j.png,16,16,16,16,16,16,16,16
016_0016_j.png,16,16,16,16,16,16,16,16
016_0017_j.png,16,16,16,16,16,16,16,16
016_0018_j.png,16,16,16,16,16,16,16,16
016_0019_j.png,16,16,16,16,16,16,16,16
016_0020_j.png,16,16,16,16,16,16,16,16
016_0021_j.png,16,16,16,16,16,16,16,16
016_0022_j.png,16,16,16,16,16,16,16,16
016_0023_j.png,16,16,16,16,16,44,16,16
016_0024_j.png,16,16,16,16,16,16,16,16
016_0025_j.png,16,16,16,16,16,16,16,16
016_0026_j.png,16,16,16,16,16,16,16,16
016_0027_j.png,16,16,16,16,16,16,16,16
016_0028_j.png,16,16,16,16,16,16,16,16
016_0029_j.png,16,16,16,16,16,16,16,16
016_0030_j.png,16,16,16,16,16,16,16,16
016_0031_j.png,16,16,16,16,16,16,16,16
016_0032_j.png,16,16,16,54,16,16,16,16
016_0033_j.png,16,16,5,16,16,16,16,16
016_0034_j.png,16,16,16,16,16,16,16,16
016_0035_j.png,16,16,16,16,16,17,16,16
016_0036_j.png,16,16,16,16,16,16,16,16
016_0037_j.png,16,16,16,16,16,16,16,16
016_0038_j.png,16,16,16,16,16,16,16,16
016_1_0001_1_j.png,16,16,16,16,16,29,16,16
016_1_0002_1_j.png,16,16,16,16,16,16,16,16
016_1_0003_1_j.png,16,16,16,16,16,16,16,16
016_1_0004_1_j.png,16,16,16,16,16,16,16,16
016_1_0005_1_j.png,16,16,16,16,16,16,16,16
016_1_0006_1_j.png,16,16,16,16,16,16,16,16
016_1_0007_1_j.png,16,16,16,16,16,16,16,16
016_1_0008_1_j.png,16,16,16,16,16,16,16,16
016_1_0009_1_j.png,16,16,16,16,16,16,16,16
016_1_0010_1_j.png,16,16,16,16,16,16,16,16
016_1_0011_1_j.png,16,16,16,16,16,16,16,16
016_1_0012_1_j.png,16,16,16,16,16,16,16,16
016_1_0013_1_j.png,16,16,16,16,16,16,16,16
016_1_0014_1_j.png,16,16,16,16,16,16,16,16
016_1_0015_1_j.png,16,16,16,16,16,16,16,16
016_1_0016_1_j.png,16,16,16,16,16,16,16,16
016_1_0017_1_j.png,16,16,16,16,16,16,16,16
016_1_0018_1_j.png,16,16,16,16,16,16,16,16
016_1_0019_1_j.png,16,16,16,16,16,16,16,16
016_1_0020_1_j.png,16,16,16,16,16,16,16,16
016_1_0021_1_j.png,16,16,16,16,16,16,16,16
016_1_0022_1_j.png,16,16,16,16,16,16,16,16
016_1_0023_1_j.png,16,16,16,16,16,44,16,16
016_1_0024_1_j.png,16,16,16,16,16,16,16,16
016_1_0025_1_j.png,16,16,16,16,16,16,16,16
016_1_0026_1_j.png,16,16,16,16,16,16,16,16
016_1_0027_1_j.png,16,16,16,16,16,16,16,16
016_1_0028_1_j.png,16,16,16,16,16,16,16,16
016_1_0029_1_j.png,16,16,16,16,16,16,16,16
016_1_0030_1_j.png,16,16,16,16,16,16,16,16
016_1_0031_1_j.png,16,16,16,16,16,16,16,16
016_1_0032_1_j.png,16,16,16,54,16,16,16,16
016_1_0033_1_j.png,16,16,5,16,16,16,16,16
016_1_0034_1_j.png,16,16,16,16,16,16,16,16
016_1_0035_1_j.png,16,16,16,16,16,17,16,16
016_1_0036_1_j.png,16,16,16,16,16,16,16,16
016_1_0037_1_j.png,16,16,16,16,16,16,16,16
016_1_0038_1_j.png,16,16,16,16,16,16,16,16
017_0001_j.png,17,17,17,17,17,17,17,17
017_0002_j.png,17,17,17,17,17,17,17,17
017_0003_j.png,17,17,17,17,17,17,17,17
017_0004_j.png,17,17,17,17,17,17,17,17
017_0005_j.png,17,17,17,17,17,17,17,17
017_0006_j.png,17,17,17,17,17,17,17,17
017_0007_j.png,17,17,17,17,17,17,17,17
017_0008_j.png,17,17,17,17,17,17,17,17
017_0009_j.png,17,17,17,17,17,17,17,17
017_0010_j.png,17,17,17,17,17,17,17,17
017_0011_j.png,17,17,17,17,17,17,17,17
017_0012_j.png,17,17,17,17,17,17,17,17
017_0013_j.png,17,17,17,17,17,17,17,17
017_0014_j.png,17,17,17,17,17,17,17,17
017_0015_j.png,17,17,17,17,17,57,17,17
017_0016_j.png,17,17,17,17,17,17,17,17
017_0017_j.png,17,17,17,17,17,17,17,17
017_0018_j.png,17,17,17,17,17,17,17,17
017_0019_j.png,17,17,57,17,17,17,17,17
017_0020_j.png,17,17,17,17,17,17,17,17
017_0021_j.png,17,17,17,17,17,17,17,17
017_0022_j.png,17,17,17,17,17,17,17,17
017_0023_j.png,17,17,17,17,17,17,17,17
017_0024_j.png,17,17,17,17,17,17,17,17
017_0025_j.png,17,17,17,17,16,17,17,37
017_0026_j.png,17,17,17,17,17,17,17,17
017_0027_j.png,17,17,17,17,17,17,17,17
017_0028_j.png,17,17,17,17,17,17,17,17
017_0029_j.png,17,17,17,17,17,17,17,17
017_0030_j.png,17,17,17,17,17,17,17,17
017_0031_j.png,17,17,17,17,37,17,17,37
017_0033.png,17,17,17,17,17,17,17,17
017_0034.png,17,17,17,17,57,17,17,17
017_0035.png,17,17,17,17,17,17,17,17
017_0036.png,17,17,17,17,17,17,17,17
017_0037.png,17,17,17,17,17,17,17,17
017_0038.png,17,17,17,17,17,17,17,17
017_0039.png,17,17,17,17,17,17,17,17
017_0040.png,17,16,29,54,24,52,16,28
017_0041.png,17,17,17,17,17,17,17,37
017_0042.png,17,17,17,17,17,17,17,17
017_0043.png,17,17,17,17,17,17,17,17
017_1_0001_1_j.png,17,17,17,17,17,17,17,17
017_1_0002_1_j.png,17,17,17,17,17,17,17,17
017_1_0003_1_j.png,17,17,17,17,17,17,17,17
017_1_0004_1_j.png,17,17,17,17,17,17,17,17
017_1_0005_1_j.png,17,17,17,17,17,17,17,17
017_1_0006_1_j.png,17,17,17,17,17,17,17,17
017_1_0007_1_j.png,17,17,17,17,17,17,17,17
017_1_0008_1_j.png,17,17,17,17,17,17,17,17
017_1_0009_1_j.png,17,17,17,17,17,17,17,17
017_1_0010_1_j.png,17,17,17,17,17,17,17,17
017_1_0011_1_j.png,17,17,17,17,17,17,17,17
017_1_0012_1_j.png,17,17,17,17,17,17,17,17
017_1_0013_1_j.png,17,17,17,17,17,17,17,17
017_1_0014_1_j.png,17,17,17,17,17,17,17,17
017_1_0015_1_j.png,17,17,17,17,17,57,17,17
017_1_0016_1_j.png,17,17,17,17,17,17,17,17
017_1_0017_1_j.png,17,17,17,17,17,17,17,17
017_1_0018_1_j.png,17,17,17,17,17,17,17,17
017_1_0019_1_j.png,17,17,57,17,17,17,17,17
017_1_0020_1_j.png,17,17,17,17,17,17,17,17
017_1_0021_1_j.png,17,17,17,17,17,17,17,17
017_1_0022_1_j.png,17,17,17,17,17,17,17,17
017_1_0023_1_j.png,17,17,17,17,17,17,17,17
017_1_0024_1_j.png,17,17,17,17,17,17,17,17
017_1_0025_1_j.png,17,17,17,17,17,17,17,37
017_1_0026_1_j.png,17,17,17,17,17,17,17,17
017_1_0027_1_j.png,17,17,17,17,17,17,17,17
017_1_0028_1_j.png,17,17,17,17,17,17,17,17
017_1_0029_1_j.png,17,17,17,17,17,17,17,17
017_1_0030_1_j.png,17,17,17,17,17,17,17,17
017_1_0031_1_j.png,17,17,17,17,38,17,17,37
017_1_0033.png,17,17,17,17,17,17,17,17
017_1_0034.png,17,17,17,17,57,17,17,17
017_1_0035.png,17,17,17,17,17,17,17,17
017_1_0036.png,17,17,17,17,17,17,17,17
017_1_0037.png,17,17,17,17,17,17,17,17
017_1_0038.png,17,17,17,17,17,17,17,17
017_1_0039.png,17,17,17,17,17,17,17,17
017_1_0040.png,17,16,29,54,52,52,16,28
017_1_0041.png,17,17,17,17,57,17,17,37
017_1_0042.png,17,17,17,17,17,17,17,17
017_1_0043.png,17,17,17,17,17,17,17,17
020_0001_j.png,20,20,54,54,30,20,54,45
020_1_0001_1_j.png,20,20,54,54,54,20,54,45
021_0001_j.png,21,54,26,54,54,20,54,35
021_0003_j.png,21,54,54,54,54,31,54,54
021_0005.png,21,20,20,20,30,20,20,54
021_0006.png,21,20,20,20,30,20,20,54
021_0007.png,21,54,54,54,54,27,54,35
021_0008.png,21,54,54,54,54,27,54,35
021_1_0001_1_j.png,21,54,26,54,54,20,54,35
021_1_0003_1_j.png,21,54,54,54,54,31,54,54
021_1_0005.png,21,20,20,20,30,20,20,54
021_1_0006.png,21,20,20,20,30,20,20,54
021_1_0007.png,21,54,54,54,35,27,54,35
021_1_0008.png,21,54,54,54,54,27,54,35
022_0003_j.png,22,22,31,21,22,22,22,22
022_0004_j.png,22,30,54,54,30,30,30,54
022_0005_j.png,22,54,54,54,54,27,54,54
022_0006_j.png,22,22,54,21,54,22,20,54
022_1_0003_1_j.png,22,22,31,21,22,22,22,22
022_1_0004_1_j.png,22,30,54,54,30,30,30,54
022_1_0005_1_j.png,22,54,54,54,54,27,54,54
022_1_0006_1_j.png,22,22,54,21,54,22,20,54
023_0001_j.png,23,23,27,27,27,23,27,27
023_0003.png,23,23,23,23,23,23,23,23
023_0004.png,23,23,23,23,23,23,23,23
023_0005.png,23,54,30,54,54,20,54,54
023_0006.png,23,54,30,54,54,20,54,54
023_1_0001_1_j.png,23,23,27,27,27,23,27,27
023_1_0003.png,23,23,23,23,23,23,23,23
023_1_0004.png,23,23,23,23,23,23,23,23
023_1_0005.png,23,54,30,54,54,20,54,54
023_1_0006.png,23,54,30,54,54,20,54,54
024_0001_j.png,24,24,24,24,30,24,24,24
024_0002_j.png,24,24,24,24,24,24,24,30
024_0003_j.png,24,24,24,24,24,24,24,24
024_0004_j.png,24,35,54,54,54,24,35,35
024_0005_j.png,24,24,24,24,30,24,54,35
024_0006_j.png,24,24,24,24,24,24,24,24
024_0008.png,24,24,24,24,24,24,24,35
024_0009.png,24,24,24,24,24,24,24,35
024_0010.png,24,52,24,31,52,52,52,54
024_0011.png,24,52,24,31,52,52,52,54
024_0012.png,24,24,24,24,24,24,27,24
024_0013.png,24,24,24,24,24,24,27,24
024_0014.png,24,24,24,24,24,24,24,24
024_1_0001_1_j.png,24,24,24,24,30,24,24,24
024_1_0002_1_j.png,24,24,24,24,24,24,24,30
024_1_0003_1_j.png,24,24,24,24,24,24,24,24
024_1_0004_1_j.png,24,35,54,54,35,24,35,35
024_1_0005_1_j.png,24,24,24,24,30,24,54,35
024_1_0006_1_j.png,24,24,24,24,24,24,24,24
024_1_0008.png,24,24,24,24,24,24,24,35
024_1_0009.png,24,24,24,24,24,24,24,35
024_1_0010.png,24,52,24,31,31,52,52,54
024_1_0011.png,24,52,24,31,31,52,52,54
024_1_0012.png,24,24,24,24,24,24,27,24
024_1_0013.png,24,24,24,24,24,24,27,24
024_1_0014.png,24,24,24,24,24,24,24,24
025_0002.png,25,54,31,54,54,54,54,54
025_1_0002.png,25,54,31,54,54,54,54,54
026_0001_j.png,26,26,26,26,26,26,26,26
026_0002_j.png,26,26,26,26,26,26,26,26
026_0003_j.png,26,26,26,26,26,26,26,26
026_0004_j.png,26,26,26,26,26,26,26,26
026_0005_j.png,26,26,26,26,26,26,26,26
026_0006_j.png,26,26,26,26,26,26,26,26
026_0007_j.png,26,26,11,26,26,26,26,26
026_0008_j.png,26,26,26,26,26,26,26,26
026_0009_j.png,26,26,26,26,26,26,26,54
026_0010_j.png,26,26,26,26,26,26,26,26
026_0011_j.png,26,26,11,26,26,26,26,26
026_0012_j.png,26,26,26,26,26,26,26,26
026_0013_j.png,26,26,26,26,26,26,26,26
026_0014_j.png,26,27,54,54,54,54,54,54
026_0015_j.png,26,26,26,26,26,26,26,26
026_0016_j.png,26,26,26,54,54,26,26,54
026_0017_j.png,26,26,26,26,26,26,26,26
026_0018_j.png,26,26,54,26,54,26,26,54
026_0019_j.png,26,26,26,26,26,26,26,54
026_0020_j.png,26,26,26,26,26,26,26,26
026_0021_j.png,26,26,26,26,26,26,26,35
026_0022_j.png,26,26,26,26,26,26,26,35
026_0023_j.png,26,26,26,26,26,26,26,54
026_0024_j.png,26,26,26,26,26,26,26,26
026_0025_j.png,26,26,26,26,26,26,26,26
026_0026_j.png,26,26,26,26,26,26,26,26
026_0027_j.png,26,26,26,26,26,26,26,54
026_0028_j.png,26,26,11,26,26,26,26,26
026_0029_j.png,26,26,26,26,26,26,26,26
026_0030_j.png,26,26,26,26,26,26,26,26
026_0031_j.png,26,26,27,26,26,26,26,26
026_0032_j.png,26,26,54,26,26,26,26,54
026_0033_j.png,26,26,26,26,26,26,26,54
026_0034_j.png,26,26,26,26,26,26,35,26
026_0035_j.png,26,54,26,54,54,26,54,35
026_0036_j.png,26,27,27,54,20,27,27,54
026_0037_j.png,26,31,37,31,31,57,31,35
026_0038_j.png,26,26,26,26,26,26,26,26
026_0039_j.png,26,26,26,26,26,26,26,26
026_0040_j.png,26,26,26,26,26,26,26,26
026_0041_j.png,26,26,26,26,26,26,26,26
026_0042_j.png,26,26,26,26,26,26,26,26
026_0043_j.png,26,26,26,26,26,26,26,26
026_0044_j.png,26,26,54,26,26,26,26,54
026_0045_j.png,26,26,30,26,54,26,26,54
026_0046_j.png,26,26,26,26,54,26,26,54
026_0047_j.png,26,26,26,26,26,26,26,26
026_0048_j.png,26,26,26,26,26,26,26,26
026_0049_j.png,26,26,26,26,26,26,26,26
026_0050_j.png,26,26,26,26,26,26,26,26
026_0051_j.png,26,26,26,26,26,26,26,26
026_0052_j.png,26,26,26,26,26,26,26,26
026_0053_j.png,26,26,26,26,26,26,26,26
026_0054_j.png,26,26,26,26,26,26,26,26
026_0055_j.png,26,26,26,26,26,26,26,54
026_0056_j.png,26,26,54,54,54,26,35,35
026_0057_j.png,26,35,54,35,35,54,35,35
026_0058_j.png,26,26,26,26,26,54,26,26
026_0059_j.png,26,26,26,26,26,54,26,26
026_0060_j.png,26,27,27,27,27,27,27,54
026_0061_j.png,26,52,27,52,52,52,52,54
026_0062_j.png,26,26,22,26,26,26,26,26
026_0063_j.png,26,26,26,26,26,26,26,26
026_0064_j.png,26,26,26,26,26,26,26,26
026_0065_j.png,26,26,11,26,26,26,26,26
026_0066_j.png,26,26,26,26,26,26,26,26
026_0067_j.png,26,26,26,26,26,26,26,26
026_1_0001_1_j.png,26,26,26,26,26,26,26,26
026_1_0002_1_j.png,26,26,26,26,26,26,26,26
026_1_0003_1_j.png,26,26,26,26,26,26,26,26
026_1_0004_1_j.png,26,26,26,26,26,26,26,26
026_1_0005_1_j.png,26,26,26,26,26,26,26,26
026_1_0006_1_j.png,26,26,26,26,26,26,26,26
026_1_0007_1_j.png,26,26,11,26,26,26,26,26
026_1_0008_1_j.png,26,26,26,26,26,26,26,26
026_1_0009_1_j.png,26,26,26,26,26,26,26,54
026_1_0010_1_j.png,26,26,26,26,26,26,26,26
026_1_0011_1_j.png,26,26,11,26,26,26,26,26
026_1_0012_1_j.png,26,26,26,26,26,26,26,26
026_1_0013_1_j.png,26,26,26,26,26,26,26,26
026_1_0014_1_j.png,26,27,54,54,54,54,54,54
026_1_0015_1_j.png,26,26,26,26,26,26,26,26
026_1_0016_1_j.png,26,26,26,54,54,26,26,54
026_1_0017_1_j.png,26,26,26,26,26,26,26,26
026_1_0018_1_j.png,26,26,54,26,54,26,26,54
026_1_0019_1_j.png,26,26,26,26,54,26,26,54
026_1_0020_1_j.png,26,26,26,26,26,26,26,26
026_1_0021_1_j.png,26,26,26,26,26,26,26,35
026_1_0022_1_j.png,26,26,26,26,26,26,26,35
026_1_0023_1_j.png,26,26,26,26,26,26,26,54
026_1_0024_1_j.png,26,26,26,26,26,26,26,26
026_1_0025_1_j.png,26,26,26,26,26,26,26,26
026_1_0026_1_j.png,26,26,26,26,26,26,26,26
026_1_0027_1_j.png,26,26,26,26,26,26,26,54
026_1_0028_1_j.png,26,26,11,26,26,26,26,26
026_1_0029_1_j.png,26,26,26,26,26,26,26,26
026_1_0030_1_j.png,26,26,26,26,26,26,26,26
026_1_0031_1_j.png,26,26,27,26,26,26,26,26
026_1_0032_1_j.png,26,26,54,26,26,26,26,54
026_1_0033_1_j.png,26,26,26,26,26,26,26,54
026_1_0034_1_j.png,26,26,26,26,26,26,35,26
026_1_0035_1_j.png,26,54,26,54,54,26,54,35
026_1_0036_1_j.png,26,27,27,54,54,27,27,54
026_1_0037_1_j.png,26,31,37,31,31,57,31,35
026_1_0038_1_j.png,26,26,26,26,26,26,26,26
026_1_0039_1_j.png,26,26,26,26,26,26,26,26
026_1_0040_1_j.png,26,26,26,26,26,26,26,26
026_1_0041_1_j.png,26,26,26,26,26,26,26,26
026_1_0042_1_j.png,26,26,26,26,26,26,26,26
026_1_0043_1_j.png,26,26,26,26,26,26,26,26
026_1_0044_1_j.png,26,26,54,26,26,26,26,54
026_1_0045_1_j.png,26,26,30,26,26,26,26,54
026_1_0046_1_j.png,26,26,26,26,26,26,26,54
026_1_0047_1_j.png,26,26,26,26,26,26,26,26
026_1_0048_1_j.png,26,26,26,26,26,26,26,26
026_1_0049_1_j.png,26,26,26,26,26,26,26,26
026_1_0050_1_j.png,26,26,26,26,26,26,26,26
026_1_0051_1_j.png,26,26,26,26,26,26,26,26
026_1_0052_1_j.png,26,26,26,26,26,26,26,26
026_1_0053_1_j.png,26,26,26,26,26,26,26,26
026_1_0054_1_j.png,26,26,26,26,26,26,26,26
026_1_0055_1_j.png,26,26,26,26,26,26,26,54
026_1_0056_1_j.png,26,26,54,54,26,26,35,35
026_1_0057_1_j.png,26,35,54,35,35,54,35,35
026_1_0058_1_j.png,26,26,26,26,26,54,26,26
026_1_0059_1_j.png,26,26,26,26,26,54,26,26
026_1_0060_1_j.png,26,27,27,27,27,27,27,54
026_1_0061_1_j.png,26,52,27,52,52,52,52,54
026_1_0062_1_j.png,26,26,22,26,26,26,26,26
026_1_0063_1_j.png,26,26,26,26,26,26,26,26
026_1_0064_1_j.png,26,26,26,26,26,26,26,26
026_1_0065_1_j.png,26,26,11,26,26,26,26,26
026_1_0066_1_j.png,26,26,26,26,26,26,26,26
026_1_0067_1_j.png,26,26,26,26,26,26,26,26
027_0001_j.png,27,27,27,54,31,27,27,54
027_0002_j.png,27,27,27,27,27,27,27,27
027_0003_j.png,27,27,27,27,27,27,27,27
027_0004_j.png,27,54,54,54,54,54,54,54
027_0005_j.png,27,54,54,54,54,27,54,54
027_0006_j.png,27,27,27,27,27,27,27,54
027_0007_j.png,27,27,27,54,27,27,27,54
027_0008_j.png,27,27,27,54,27,27,27,27
027_0009_j.png,27,27,27,27,27,27,27,54
027_0010_j.png,27,27,27,27,54,27,54,54
027_0011_j.png,27,27,27,27,54,27,27,54
027_0012_j.png,27,27,27,27,27,27,27,54
027_1_0001_1_j.png,27,27,27,54,54,27,27,54
027_1_0002_1_j.png,27,27,27,27,27,27,27,27
027_1_0003_1_j.png,27,27,27,27,27,27,27,27
027_1_0004_1_j.png,27,54,54,54,54,54,54,54
027_1_0005_1_j.png,27,54,54,54,54,27,54,54
027_1_0006_1_j.png,27,27,27,27,27,27,27,54
027_1_0007_1_j.png,27,27,27,54,27,27,27,54
027_1_0008_1_j.png,27,27,27,54,27,27,27,27
027_1_0009_1_j.png,27,27,27,27,27,27,27,54
027_1_0010_1_j.png,27,27,27,27,54,27,54,54
027_1_0011_1_j.png,27,27,27,27,27,27,27,54
027_1_0012_1_j.png,27,27,27,27,27,27,27,54
028_0001_j.png,28,28,28,28,28,28,28,28
028_0002_j.png,28,28,28,28,28,28,28,28
028_0003_j.png,28,28,28,28,28,28,28,28
028_0004_j.png,28,28,28,28,28,28,28,28
028_0005_j.png,28,28,28,28,28,28,28,28
028_0006_j.png,28,28,28,28,28,28,28,28
028_0007_j.png,28,28,28,28,28,28,28,28
028_0008_j.png,28,28,28,28,28,28,28,28
028_0009_j.png,28,28,28,28,28,28,28,28
028_0010_j.png,28,28,28,28,28,28,28,28
028_0011_j.png,28,28,28,28,28,28,28,54
028_0012_j.png,28,28,28,28,30,28,28,35
028_0013_j.png,28,28,28,28,30,28,28,28
028_0014_j.png,28,28,28,28,30,28,28,28
028_0015_j.png,28,28,28,28,28,28,28,28
028_0016_j.png,28,28,28,28,28,28,28,28
028_0017_j.png,28,28,28,28,28,28,30,28
028_0018_j.png,28,28,30,30,30,28,30,30
028_0019_j.png,28,30,30,30,30,30,30,30
028_0020_j.png,28,30,30,30,30,30,30,30
028_0021_j.png,28,28,30,30,30,28,30,30
028_0022_j.png,28,30,30,30,30,30,30,30
028_0023_j.png,28,28,28,54,54,28,30,54
028_0024_j.png,28,28,28,28,28,28,28,28
028_0025_j.png,28,28,28,28,28,28,28,28
028_0026_j.png,28,30,30,30,30,28,30,30
028_0027_j.png,28,28,52,28,28,28,52,54
028_0028_j.png,28,28,52,28,52,28,52,30
028_0029_j.png,28,28,28,28,28,28,28,28
028_0030_j.png,28,28,28,28,28,28,28,28
028_0031_j.png,28,28,28,28,29,28,55,28
028_0032_j.png,28,28,28,28,28,29,28,28
028_0033_j.png,28,28,28,28,28,28,28,28
028_0034_j.png,28,28,28,28,28,28,28,28
028_1_0001_1_j.png,28,28,28,28,28,28,28,28
028_1_0002_1_j.png,28,28,28,28,28,28,28,28
028_1_0003_1_j.png,28,28,28,28,28,28,28,28
028_1_0004_1_j.png,28,28,28,28,28,28,28,28
028_1_0005_1_j.png,28,28,28,28,28,28,28,28
028_1_0006_1_j.png,28,28,28,28,28,28,28,28
028_1_0007_1_j.png,28,28,28,28,28,28,28,28
028_1_0008_1_j.png,28,28,28,28,28,28,28,28
028_1_0009_1_j.png,28,28,28,28,28,28,28,28
028_1_0010_1_j.png,28,28,28,28,28,28,28,28
028_1_0011_1_j.png,28,28,28,28,28,28,28,54
028_1_0012_1_j.png,28,28,28,28,30,28,28,35
028_1_0013_1_j.png,28,28,28,28,30,28,28,28
028_1_0014_1_j.png,28,28,28,28,30,28,28,28
028_1_0015_1_j.png,28,28,28,28,28,28,28,28
028_1_0016_1_j.png,28,28,28,28,28,28,28,28
028_1_0017_1_j.png,28,28,28,28,28,28,30,28
028_1_0018_1_j.png,28,28,30,30,30,28,30,30
028_1_0019_1_j.png,28,30,30,30,30,30,30,30
028_1_0020_1_j.png,28,30,30,30,30,30,30,30
028_1_0021_1_j.png,28,28,30,30,30,28,30,30
028_1_0022_1_j.png,28,30,30,30,30,30,30,30
028_1_0023_1_j.png,28,28,28,54,30,28,30,54
028_1_0024_1_j.png,28,28,28,28,28,28,28,28
028_1_0025_1_j.png,28,28,28,28,28,28,28,28
028_1_0026_1_j.png,28,30,30,30,30,28,30,30
028_1_0027_1_j.png,28,28,52,28,28,28,52,54
028_1_0028_1_j.png,28,28,52,28,52,28,52,30
028_1_0029_1_j.png,28,28,28,28,28,28,28,28
028_1_0030_1_j.png,28,28,28,28,28,28,28,28
028_1_0031_1_j.png,28,28,28,28,29,28,55,28
028_1_0032_1_j.png,28,28,28,28,28,29,28,28
028_1_0033_1_j.png,28,28,28,28,28,28,28,28
028_1_0034_1_j.png,28,28,28,28,28,28,28,28
029_0001_j.png,29,29,29,29,29,29,29,29
029_0002_j.png,29,29,29,29,29,29,29,29
029_0003_j.png,29,29,29,29,29,29,29,29
029_0004_j.png,29,29,29,29,29,29,29,29
029_0005_j.png,29,29,29,29,29,29,29,29
029_0006_j.png,29,29,29,29,29,29,29,29
029_0007_j.png,29,29,54,55,54,29,29,54
029_0008_j.png,29,29,29,29,29,29,29,29
029_0009_j.png,29,29,29,29,29,29,29,29
029_0010_j.png,29,29,29,29,29,29,29,29
029_0011_j.png,29,29,29,29,29,29,29,29
029_0012_j.png,29,29,29,54,54,29,29,54
029_0013_j.png,29,29,29,29,29,29,29,54
029_1_0001_1_j.png,29,29,29,29,29,29,29,29
029_1_0002_1_j.png,29,29,29,29,29,29,29,29
029_1_0003_1_j.png,29,29,29,29,29,29,29,29
029_1_0004_1_j.png,29,29,29,29,29,29,29,29
029_1_0005_1_j.png,29,29,29,29,29,29,29,29
029_1_0006_1_j.png,29,29,29,29,29,29,29,29
029_1_0007_1_j.png,29,29,54,55,54,29,29,54
029_1_0008_1_j.png,29,29,29,29,29,29,29,29
029_1_0009_1_j.png,29,29,29,29,29,29,29,29
029_1_0010_1_j.png,29,29,29,29,29,29,29,29
029_1_0011_1_j.png,29,29,29,29,29,29,29,29
029_1_0012_1_j.png,29,29,29,54,54,29,29,54
029_1_0013_1_j.png,29,29,29,29,29,29,29,54
030_0001_j.png,30,30,30,30,30,30,30,30
030_0002_j.png,30,30,30,30,30,30,30,30
030_0003_j.png,30,30,30,54,30,30,30,30
030_0004_j.png,30,30,30,54,54,54,30,30
030_0005_j.png,30,30,30,30,30,30,30,30
030_0006_j.png,30,30,30,30,30,30,30,54
030_0007_j.png,30,30,30,30,30,30,30,30
030_0008_j.png,30,30,30,30,30,30,30,30
030_0009_j.png,30,30,30,54,35,30,54,35
030_0010_j.png,30,30,30,54,30,30,54,54
030_0011_j.png,30,54,30,54,54,30,54,54
030_0012_j.png,30,30,30,54,30,30,30,54
030_0013_j.png,30,30,30,30,30,30,54,54
030_0014_j.png,30,30,30,30,30,30,30,30
030_0015_j.png,30,30,30,30,30,30,30,30
030_0016_j.png,30,30,30,30,30,30,30,30
030_0017_j.png,30,30,30,30,30,30,30,30
030_1_0001_1_j.png,30,30,30,30,30,30,30,30
030_1_0002_1_j.png,30,30,30,30,30,30,30,30
030_1_0003_1_j.png,30,30,30,54,30,30,30,30
030_1_0004_1_j.png,30,30,30,54,30,54,30,30
030_1_0005_1_j.png,30,30,30,30,30,30,30,30
030_1_0006_1_j.png,30,30,30,30,30,30,30,54
030_1_0007_1_j.png,30,30,30,30,30,30,30,30
030_1_0008_1_j.png,30,30,30,30,30,30,30,30
030_1_0009_1_j.png,30,30,30,54,30,30,54,35
030_1_0010_1_j.png,30,30,30,54,30,30,54,54
030_1_0011_1_j.png,30,54,30,54,54,30,54,54
030_1_0012_1_j.png,30,30,30,54,30,30,30,54
030_1_0013_1_j.png,30,30,30,30,30,30,54,54
030_1_0014_1_j.png,30,30,30,30,30,30,30,30
030_1_0015_1_j.png,30,30,30,30,30,30,30,30
030_1_0016_1_j.png,30,30,30,30,30,30,30,30
030_1_0017_1_j.png,30,30,30,30,30,30,30,30
031_0001_j.png,31,31,31,31,31,31,31,31
031_0002_j.png,31,31,31,54,54,54,31,54
031_0003_j.png,31,31,31,31,31,31,31,31
031_0004_j.png,31,31,31,31,31,31,31,54
031_0005_j.png,31,31,31,31,31,31,31,31
031_0006_j.png,31,54,20,54,54,31,54,54
031_0007_j.png,31,54,54,54,54,31,54,35
031_0008_j.png,31,31,30,31,31,31,31,54
031_0009_j.png,31,31,31,31,54,31,31,35
031_1_0001_1_j.png,31,31,31,31,31,31,31,31
031_1_0002_1_j.png,31,31,31,54,54,54,31,54
031_1_0003_1_j.png,31,31,31,31,31,31,31,31
031_1_0004_1_j.png,31,31,31,31,31,31,31,54
031_1_0005_1_j.png,31,31,31,31,31,31,31,31
031_1_0006_1_j.png,31,54,20,54,54,31,54,54
031_1_0007_1_j.png,31,54,54,54,54,31,54,35
031_1_0008_1_j.png,31,31,30,31,31,31,31,54
031_1_0009_1_j.png,31,31,31,31,54,31,31,35
032_0003_j.png,32,32,43,32,37,32,35,32
032_1_0003_1_j.png,32,32,43,32,35,32,35,32
034_0001_j.png,34,43,43,54,43,44,43,43
034_0002_j.png,34,43,50,54,54,43,43,35
034_0005.png,34,34,49,43,43,34,34,43
034_0006.png,34,34,49,43,43,34,34,43
034_1_0001_1_j.png,34,43,43,54,43,44,43,43
034_1_0002_1_j.png,34,43,50,54,35,43,43,35
034_1_0005.png,34,34,49,43,34,34,34,43
034_1_0006.png,34,34,49,43,46,34,34,43
035_0004_j.png,35,35,35,35,35,35,35,35
035_0005_j.png,35,35,35,35,35,35,35,35
035_0006_j.png,35,35,35,35,35,35,35,35
035_0007_j.png,35,35,35,35,35,35,35,35
035_0008_j.png,35,35,35,35,35,35,35,35
035_0009_j.png,35,35,35,35,35,35,35,35
035_0010_j.png,35,35,35,35,35,35,35,35
035_0011_j.png,35,35,35,35,35,35,35,35
035_0012_j.png,35,35,35,35,35,35,35,35
035_0013_j.png,35,35,35,35,35,35,35,35
035_0014_j.png,35,35,35,35,35,35,35,35
035_0015_j.png,35,35,35,35,54,35,35,35
035_0016_j.png,35,35,35,35,35,35,35,35
035_0017_j.png,35,35,35,35,35,35,35,35
035_0018_j.png,35,35,35,35,35,35,35,35
035_0019_j.png,35,35,35,35,35,35,35,35
035_0020_j.png,35,35,35,35,35,35,35,35
035_0021_j.png,35,35,35,35,35,35,35,35
035_0022_j.png,35,35,35,35,35,35,35,35
035_0023_j.png,35,35,35,35,35,35,35,35
035_0024_j.png,35,35,35,35,35,35,35,35
035_0025_j.png,35,35,35,54,35,35,35,35
035_0026_j.png,35,35,35,35,35,35,35,35
035_1_0004_1_j.png,35,35,35,35,35,35,35,35
035_1_0005_1_j.png,35,35,35,35,35,35,35,35
035_1_0006_1_j.png,35,35,35,35,35,35,35,35
035_1_0007_1_j.png,35,35,35,35,35,35,35,35
035_1_0008_1_j.png,35,35,35,35,35,35,35,35
035_1_0009_1_j.png,35,35,35,35,35,35,35,35
035_1_0010_1_j.png,35,35,35,35,35,35,35,35
035_1_0011_1_j.png,35,35,35,35,35,35,35,35
035_1_0012_1_j.png,35,35,35,35,35,35,35,35
035_1_0013_1_j.png,35,35,35,35,35,35,35,35
035_1_0014_1_j.png,35,35,35,35,35,35,35,35
035_1_0015_1_j.png,35,35,35,35,54,35,35,35
035_1_0016_1_j.png,35,35,35,35,35,35,35,35
035_1_0017_1_j.png,35,35,35,35,35,35,35,35
035_1_0018_1_j.png,35,35,35,35,35,35,35,35
035_1_0019_1_j.png,35,35,35,35,35,35,35,35
035_1_0020_1_j.png,35,35,35,35,35,35,35,35
035_1_0021_1_j.png,35,35,35,35,35,35,35,35
035_1_0022_1_j.png,35,35,35,35,35,35,35,35
035_1_0023_1_j.png,35,35,35,35,35,35,35,35
035_1_0024_1_j.png,35,35,35,35,35,35,35,35
035_1_0025_1_j.png,35,35,35,54,35,35,35,35
035_1_0026_1_j.png,35,35,35,35,35,35,35,35
036_0001_j.png,36,50,50,36,50,50,50,35
036_0002_j.png,36,35,35,43,50,35,35,35
036_0004.png,36,36,36,36,36,36,36,36
036_0005.png,36,36,36,36,36,36,36,36
036_0006.png,36,36,36,36,36,36,36,36
036_0007.png,36,36,36,36,36,36,36,36
036_1_0001_1_j.png,36,50,50,36,50,50,50,35
036_1_0002_1_j.png,36,35,35,43,50,35,35,35
036_1_0004.png,36,36,36,36,36,36,36,36
036_1_0005.png,36,36,36,36,36,36,36,36
036_1_0006.png,36,36,36,36,36,36,36,36
036_1_0007.png,36,36,36,36,36,36,36,36
037_0001_j.png,37,35,50,35,35,35,37,37
037_0002_j.png,37,37,37,37,35,37,37,35
037_0003_j.png,37,37,50,38,37,37,37,37
037_0004_j.png,37,37,37,37,37,37,37,37
037_0005_j.png,37,37,37,37,37,37,37,37
037_0007_j.png,37,43,43,43,43,43,43,43
037_0008_j.png,37,37,37,37,37,37,37,37
037_0009_j.png,37,37,35,45,43,37,45,37
037_0010_j.png,37,37,35,54,37,54,37,37
037_0011_j.png,37,35,35,35,54,35,35,35
037_0012_j.png,37,37,43,37,37,37,37,37
037_0013_j.png,37,35,37,37,35,35,35,37
037_0015_j.png,37,37,37,37,38,37,36,37
037_1_0001_1_j.png,37,35,50,35,37,35,37,37
037_1_0002_1_j.png,37,37,37,37,35,37,37,35
037_1_0003_1_j.png,37,37,50,38,37,37,37,37
037_1_0004_1_j.png,37,37,37,37,37,37,37,37
037_1_0005_1_j.png,37,37,37,37,37,37,37,37
037_1_0007_1_j.png,37,43,43,43,43,43,43,43
037_1_0008_1_j.png,37,37,37,37,37,37,37,37
037_1_0009_1_j.png,37,37,35,45,43,37,45,37
037_1_0010_1_j.png,37,37,35,54,37,54,37,37
037_1_0011_1_j.png,37,35,35,35,54,35,35,35
037_1_0012_1_j.png,37,37,43,37,37,37,37,37
037_1_0013_1_j.png,37,35,37,37,35,35,35,37
037_1_0015_1_j.png,37,37,37,37,44,37,36,37
038_0001_j.png,38,38,37,37,37,38,43,35
038_0002_j.png,38,45,37,43,45,44,45,45
038_0003_j.png,38,37,43,37,37,37,37,37
038_0004_j.png,38,38,43,43,46,38,39,45
038_0005_j.png,38,38,43,38,37,38,38,45
038_0006_j.png,38,37,43,54,54,37,43,43
038_0007_j.png,38,38,37,37,38,38,38,37
038_0008_j.png,38,35,54,54,35,54,30,35
038_0009_j.png,38,43,37,43,43,43,43,35
038_0010_j.png,38,45,45,45,45,39,45,45
038_0011_j.png,38,39,39,45,45,39,39,45
038_0012_j.png,38,45,45,45,45,39,45,45
038_0013_j.png,38,39,39,45,45,39,45,45
038_0014_j.png,38,39,44,44,39,38,39,45
038_0015_j.png,38,39,38,38,38,38,38,45
038_0016_j.png,38,45,43,45,45,45,45,45
038_0017_j.png,38,45,45,45,45,39,45,45
038_0018_j.png,38,38,37,37,46,38,38,38
038_0019_j.png,38,45,13,45,45,45,45,45
038_0020_j.png,38,45,43,45,45,45,45,45
038_1_0001_1_j.png,38,38,37,37,37,38,43,35
038_1_0002_1_j.png,38,45,37,43,45,44,45,45
038_1_0003_1_j.png,38,37,43,37,37,37,37,37
038_1_0004_1_j.png,38,38,43,43,46,38,39,45
038_1_0005_1_j.png,38,38,43,38,36,38,38,45
038_1_0006_1_j.png,38,37,43,54,54,37,43,43
038_1_0007_1_j.png,38,38,37,37,38,38,38,37
038_1_0008_1_j.png,38,35,54,54,54,54,30,35
038_1_0009_1_j.png,38,43,37,43,35,43,43,35
038_1_0010_1_j.png,38,45,45,45,45,39,45,45
038_1_0011_1_j.png,38,39,39,45,45,39,39,45
038_1_0012_1_j.png,38,45,45,45,45,39,45,45
038_1_0013_1_j.png,38,39,39,45,45,39,45,45
038_1_0014_1_j.png,38,39,44,44,46,38,39,45
038_1_0015_1_j.png,38,39,38,38,38,38,38,45
038_1_0016_1_j.png,38,45,43,45,45,45,45,45
038_1_0017_1_j.png,38,45,45,45,45,39,45,45
038_1_0018_1_j.png,38,38,37,37,45,38,38,38
038_1_0019_1_j.png,38,45,13,45,45,45,45,45
038_1_0020_1_j.png,38,45,43,45,45,45,45,45
039_0001_j.png,39,39,39,39,39,39,39,40
039_0002_j.png,39,46,49,43,46,49,46,46
039_0003_j.png,39,39,44,39,39,39,39,39
039_0004_j.png,39,39,39,39,39,39,39,39
039_0005_j.png,39,39,44,44,44,39,39,39
039_0006_j.png,39,39,39,39,38,39,39,39
039_0007_j.png,39,39,41,44,42,39,39,45
039_0008_j.png,39,39,39,44,39,39,39,39
039_0009_j.png,39,30,45,30,35,44,30,35
039_0010_j.png,39,35,35,30,35,37,35,35
039_0011_j.png,39,43,45,43,43,39,43,43
039_0012_j.png,39,39,39,39,41,39,39,45
039_0013_j.png,39,39,39,39,45,39,39,45
039_0014_j.png,39,39,44,44,44,39,39,39
039_0015_j.png,39,39,39,39,39,39,39,39
039_1_0001_1_j.png,39,39,39,39,39,39,39,40
039_1_0002_1_j.png,39,46,49,43,46,49,46,46
039_1_0003_1_j.png,39,39,44,39,39,39,39,39
039_1_0004_1_j.png,39,39,39,39,39,39,39,39
039_1_0005_1_j.png,39,39,44,44,44,39,39,39
039_1_0006_1_j.png,39,39,39,39,39,39,39,39
039_1_0007_1_j.png,39,39,41,44,45,39,39,45
039_1_0008_1_j.png,39,39,39,44,40,39,39,39
039_1_0009_1_j.png,39,30,45,30,35,44,30,35
039_1_0010_1_j.png,39,35,35,30,35,37,35,35
039_1_0011_1_j.png,39,43,45,43,35,39,43,43
039_1_0012_1_j.png,39,39,39,39,45,39,39,45
039_1_0013_1_j.png,39,39,39,39,45,39,39,45
039_1_0014_1_j.png,39,39,44,44,39,39,39,39
039_1_0015_1_j.png,39,39,39,39,39,39,39,39
040_0001_j.png,40,40,40,42,40,40,40,40
040_0003_j.png,40,40,40,40,40,40,40,40
040_0004_j.png,40,40,40,40,45,40,40,40
040_0005_j.png,40,40,40,40,40,40,40,40
040_1_0001_1_j.png,40,40,40,42,40,40,40,40
040_1_0003_1_j.png,40,40,40,40,40,40,40,40
040_1_0004_1_j.png,40,40,40,40,40,40,40,40
040_1_0005_1_j.png,40,40,40,40,40,40,40,40
041_0001_j.png,41,41,43,45,41,41,45,45
041_0002_j.png,41,40,41,45,40,41,40,45
041_0003_j.png,41,45,45,45,45,41,45,45
041_0004_j.png,41,40,39,45,40,41,40,45
041_1_0001_1_j.png,41,41,43,45,45,41,45,45
041_1_0002_1_j.png,41,40,41,45,40,41,40,45
041_1_0003_1_j.png,41,45,45,45,40,41,45,45
041_1_0004_1_j.png,41,40,39,45,40,41,40,45
042_0001_j.png,42,42,36,42,38,38,42,42
042_0005_j.png,42,36,35,42,36,36,36,36
042_0007_j.png,42,42,36,42,36,42,36,36
042_0009_j.png,42,36,35,42,35,42,35,35
042_0010_j.png,42,36,36,42,36,36,36,35
042_0012_j.png,42,35,35,54,35,35,35,35
042_0013_j.png,42,42,39,42,44,42,42,42
042_0014_j.png,42,42,42,42,38,42,42,42
042_0015_j.png,42,42,42,42,36,42,42,42
042_1_0001_1_j.png,42,42,36,42,42,38,42,42
042_1_0005_1_j.png,42,36,35,42,36,36,36,36
042_1_0007_1_j.png,42,42,36,42,36,42,36,36
042_1_0009_1_j.png,42,36,35,42,37,42,35,35
042_1_0010_1_j.png,42,36,36,42,35,36,36,35
042_1_0012_1_j.png,42,35,35,54,43,35,35,35
042_1_0013_1_j.png,42,42,39,42,39,42,42,42
042_1_0014_1_j.png,42,42,42,42,42,42,42,42
042_1_0015_1_j.png,42,42,42,42,42,42,42,42
043_0001_j.png,43,39,43,39,39,44,39,39
043_0002_j.png,43,39,43,39,39,44,39,39
043_0003_j.png,43,39,43,39,39,44,39,39
043_0004_j.png,43,39,43,39,39,44,39,39
043_0005_j.png,43,43,43,43,43,43,43,43
043_0006_j.png,43,43,43,43,43,43,43,43
043_0007_j.png,43,43,43,43,43,43,43,43
043_0008_j.png,43,43,43,43,43,43,43,43
043_0009_j.png,43,43,43,35,35,43,43,35
043_0010_j.png,43,43,43,43,43,43,43,35
043_0011_j.png,43,43,43,43,43,43,43,43
043_0012_j.png,43,43,43,43,43,43,43,35
043_0013_j.png,43,43,43,43,43,43,43,45
043_0014_j.png,43,43,43,43,34,34,34,43
043_0015_j.png,43,43,43,43,43,43,43,43
043_0016_j.png,43,43,50,43,43,46,43,35
043_0017_j.png,43,43,43,43,43,43,43,43
043_0018_j.png,43,43,43,43,43,43,43,43
043_0019_j.png,43,43,43,43,43,43,43,43
043_0020_j.png,43,43,43,43,43,43,43,43
043_0021_j.png,43,43,43,43,43,43,43,43
043_0022_j.png,43,43,43,43,43,43,43,43
043_0023_j.png,43,43,43,43,43,43,43,43
043_0024_j.png,43,43,43,43,43,43,43,43
043_0025_j.png,43,43,43,43,43,43,43,43
043_0026_j.png,43,43,43,43,43,43,43,43
043_0027_j.png,43,43,43,43,43,43,43,43
043_0028_j.png,43,43,43,43,35,43,43,43
043_0029_j.png,43,43,43,43,43,43,43,43
043_0030_j.png,43,43,43,43,43,43,43,43
043_0031_j.png,43,43,43,43,43,43,43,43
043_0032_j.png,43,43,43,43,35,43,43,35
043_0033_j.png,43,43,43,43,43,43,43,43
043_0034_j.png,43,43,43,43,43,43,43,43
043_0036.png,43,43,43,43,43,43,43,43
043_0037.png,43,43,43,43,43,43,43,43
043_0038.png,43,43,43,43,43,43,43,43
043_0039.png,43,43,43,43,34,43,43,43
043_0040.png,43,43,43,43,43,43,43,43
043_0041.png,43,43,43,43,43,43,43,43
043_0042.png,43,43,43,43,43,43,43,43
043_0043.png,43,43,43,43,43,43,43,43
043_0044.png,43,44,38,43,43,43,44,43
043_0045.png,43,43,43,43,43,43,43,43
043_0046.png,43,43,43,43,43,43,43,43
043_0047.png,43,43,43,54,37,43,43,35
043_0048.png,43,43,43,54,37,43,43,35
043_0049.png,43,43,43,37,43,43,43,35
043_0050.png,43,43,43,37,37,43,43,35
043_0051.png,43,37,37,37,54,37,37,37
043_0052.png,43,37,37,37,37,37,37,37
043_0053.png,43,43,43,37,43,43,43,35
043_0054.png,43,43,43,37,43,43,43,35
043_0055.png,43,54,54,54,54,54,54,35
043_0056.png,43,54,54,54,54,54,54,35
043_0057.png,43,43,43,43,43,43,43,43
043_0058.png,43,43,43,43,43,43,43,43
043_0059.png,43,44,38,43,43,43,44,43
043_1_0001_1_j.png,43,39,43,39,39,44,39,39
043_1_0002_1_j.png,43,39,43,39,39,44,39,39
043_1_0003_1_j.png,43,39,43,39,39,44,39,39
043_1_0004_1_j.png,43,39,43,39,39,44,39,39
043_1_0005_1_j.png,43,43,43,43,43,43,43,43
043_1_0006_1_j.png,43,43,43,43,43,43,43,43
043_1_0007_1_j.png,43,43,43,43,43,43,43,43
043_1_0008_1_j.png,43,43,43,43,43,43,43,43
043_1_0009_1_j.png,43,43,43,35,35,43,43,35
043_1_0010_1_j.png,43,43,43,43,43,43,43,35
043_1_0011_1_j.png,43,43,43,43,43,43,43,43
043_1_0012_1_j.png,43,43,43,43,43,43,43,35
043_1_0013_1_j.png,43,43,43,43,44,43,43,45
043_1_0014_1_j.png,43,43,43,43,43,34,34,43
043_1_0015_1_j.png,43,43,43,43,43,43,43,43
043_1_0016_1_j.png,43,43,50,43,50,46,43,35
043_1_0017_1_j.png,43,43,43,43,43,43,43,43
043_1_0018_1_j.png,43,43,43,43,43,43,43,43
043_1_0019_1_j.png,43,43,43,43,43,43,43,43
043_1_0020_1_j.png,43,43,43,43,43,43,43,43
043_1_0021_1_j.png,43,43,43,43,43,43,43,43
043_1_0022_1_j.png,43,43,43,43,43,43,43,43
043_1_0023_1_j.png,43,43,43,43,43,43,43,43
043_1_0024_1_j.png,43,43,43,43,43,43,43,43
043_1_0025_1_j.png,43,43,43,43,43,43,43,43
043_1_0026_1_j.png,43,43,43,43,43,43,43,43
043_1_0027_1_j.png,43,43,43,43,43,43,43,43
043_1_0028_1_j.png,43,43,43,43,35,43,43,43
043_1_0029_1_j.png,43,43,43,43,43,43,43,43
043_1_0030_1_j.png,43,43,43,43,43,43,43,43
043_1_0031_1_j.png,43,43,43,43,43,43,43,43
043_1_0032_1_j.png,43,43,43,43,43,43,43,35
043_1_0033_1_j.png,43,43,43,43,43,43,43,43
043_1_0034_1_j.png,43,43,43,43,43,43,43,43
043_1_0036.png,43,43,43,43,43,43,43,43
043_1_0037.png,43,43,43,43,43,43,43,43
043_1_0038.png,43,43,43,43,43,43,43,43
043_1_0039.png,43,43,43,43,43,43,43,43
043_1_0040.png,43,43,43,43,43,43,43,43
043_1_0041.png,43,43,43,43,43,43,43,43
043_1_0042.png,43,43,43,43,43,43,43,43
043_1_0043.png,43,43,43,43,43,43,43,43
043_1_0044.png,43,44,38,43,44,43,44,43
043_1_0045.png,43,43,43,43,44,43,43,43
043_1_0046.png,43,43,43,43,43,43,43,43
043_1_0047.png,43,43,43,54,43,43,43,35
043_1_0048.png,43,43,43,54,43,43,43,35
043_1_0049.png,43,43,43,37,54,43,43,35
043_1_0050.png,43,43,43,37,43,43,43,35
043_1_0051.png,43,37,37,37,37,37,37,37
043_1_0052.png,43,37,37,37,43,37,37,37
043_1_0053.png,43,43,43,37,43,43,43,35
043_1_0054.png,43,43,43,37,43,43,43,35
043_1_0055.png,43,54,54,54,54,54,54,35
043_1_0056.png,43,54,54,54,45,54,54,35
043_1_0057.png,43,43,43,43,43,43,43,43
043_1_0058.png,43,43,43,43,43,43,43,43
043_1_0059.png,43,44,38,43,43,43,44,43
044_0001_j.png,44,43,43,43,43,43,43,43
044_0002_j.png,44,49,43,43,49,49,49,44
044_0003_j.png,44,49,49,43,43,49,49,49
044_0004_j.png,44,49,43,44,44,49,49,49
044_0005_j.png,44,44,43,44,44,44,44,44
044_0006_j.png,44,39,39,39,45,39,45,45
044_0007_j.png,44,45,44,45,45,39,45,45
044_0008_j.png,44,44,43,43,44,44,43,43
044_0009_j.png,44,43,43,43,43,44,43,43
044_0010_j.png,44,43,43,43,44,43,43,43
044_0011_j.png,44,45,45,54,45,43,45,45
044_0012_j.png,44,44,44,43,50,44,44,35
044_1_0001_1_j.png,44,43,43,43,50,43,43,43
044_1_0002_1_j.png,44,49,43,43,49,49,49,44
044_1_0003_1_j.png,44,49,49,43,43,49,49,49
044_1_0004_1_j.png,44,49,43,44,44,49,49,49
044_1_0005_1_j.png,44,44,43,44,44,44,44,44
044_1_0006_1_j.png,44,39,39,39,45,39,45,45
044_1_0007_1_j.png,44,45,44,45,45,39,45,45
044_1_0008_1_j.png,44,44,43,43,43,44,43,43
044_1_0009_1_j.png,44,43,43,43,43,44,43,43
044_1_0010_1_j.png,44,43,43,43,43,43,43,43
044_1_0011_1_j.png,44,45,45,54,45,43,45,45
044_1_0012_1_j.png,44,44,44,43,43,44,44,35
045_0013.png,45,45,35,45,45,45,45,45
045_1_0013.png,45,45,35,45,45,45,45,45
046_0002_j.png,46,46,43,44,46,46,39,39
046_0003_j.png,46,44,44,44,44,44,44,46
046_0004_j.png,46,44,44,44,44,44,44,44
046_0006_j.png,46,46,38,46,46,46,46,46
046_0007_j.png,46,44,49,44,44,44,44,39
046_0008_j.png,46,39,46,44,44,46,39,39
046_0009_j.png,46,39,39,44,44,38,39,42
046_1_0002_1_j.png,46,46,43,44,39,46,39,39
046_1_0003_1_j.png,46,44,44,44,44,44,44,46
046_1_0004_1_j.png,46,44,44,44,44,44,44,44
046_1_0006_1_j.png,46,46,38,46,46,46,46,46
046_1_0007_1_j.png,46,44,49,44,44,44,44,39
046_1_0008_1_j.png,46,39,46,44,39,46,39,39
046_1_0009_1_j.png,46,39,39,44,38,38,39,42
047_0001_j.png,47,47,47,47,47,47,47,35
047_0002_j.png,47,47,47,47,47,47,47,35
047_0003_j.png,47,47,50,37,45,47,43,35
047_0004_j.png,47,47,37,37,37,47,35,35
047_0005_j.png,47,47,50,47,47,47,47,50
047_1_0001_1_j.png,47,47,47,47,47,47,47,35
047_1_0002_1_j.png,47,47,47,47,47,47,47,35
047_1_0003_1_j.png,47,47,50,37,37,47,43,35
047_1_0004_1_j.png,47,47,37,37,35,47,35,35
047_1_0005_1_j.png,47,47,50,47,50,47,47,50
048_0001_j.png,48,54,54,54,54,54,54,54
048_0002_j.png,48,54,54,54,54,54,54,54
048_0003_j.png,48,54,54,54,54,54,54,54
048_1_0001_1_j.png,48,54,54,54,54,54,54,54
048_1_0002_1_j.png,48,54,54,54,54,54,54,54
048_1_0003_1_j.png,48,54,54,54,54,54,54,54
049_0001_j.png,49,49,43,49,49,49,49,49
049_0002_j.png,49,49,49,49,49,49,49,49
049_0003_j.png,49,49,49,49,49,49,49,49
049_0004_j.png,49,49,43,43,43,49,49,49
049_0005_j.png,49,49,43,43,43,49,49,49
049_0006_j.png,49,49,43,49,49,49,49,49
049_0007_j.png,49,49,34,49,34,49,49,49
049_0008_j.png,49,49,49,49,39,49,49,49
049_0009_j.png,49,49,49,49,49,49,49,49
049_0010_j.png,49,49,49,49,49,49,49,49
049_0011_j.png,49,49,43,44,49,49,49,49
049_0012_j.png,49,49,49,43,49,49,34,49
049_0013_j.png,49,49,43,49,49,49,49,49
049_0014_j.png,49,49,49,49,49,49,49,49
049_0015_j.png,49,49,49,49,49,49,49,49
049_0016_j.png,49,49,49,49,49,49,49,49
049_0017_j.png,49,49,43,49,49,49,49,49
049_0018_j.png,49,49,49,49,49,49,49,49
049_0019_j.png,49,39,43,39,38,46,39,49
049_0020_j.png,49,39,43,39,39,49,39,49
049_0021_j.png,49,49,46,43,49,49,49,49
049_1_0001_1_j.png,49,49,43,49,49,49,49,49
049_1_0002_1_j.png,49,49,49,49,34,49,49,49
049_1_0003_1_j.png,49,49,49,49,49,49,49,49
049_1_0004_1_j.png,49,49,43,43,49,49,49,49
049_1_0005_1_j.png,49,49,43,43,43,49,49,49
049_1_0006_1_j.png,49,49,43,49,34,49,49,49
049_1_0007_1_j.png,49,49,34,49,34,49,49,49
049_1_0008_1_j.png,49,49,49,49,39,49,49,49
049_1_0009_1_j.png,49,49,49,49,49,49,49,49
049_1_0010_1_j.png,49,49,49,49,39,49,49,49
049_1_0011_1_j.png,49,49,43,44,49,49,49,49
049_1_0012_1_j.png,49,49,49,43,43,49,34,49
049_1_0013_1_j.png,49,49,43,49,49,49,49,49
049_1_0014_1_j.png,49,49,49,49,49,49,49,49
049_1_0015_1_j.png,49,49,49,49,49,49,49,49
049_1_0016_1_j.png,49,49,49,49,49,49,49,49
049_1_0017_1_j.png,49,49,43,49,49,49,49,49
049_1_0018_1_j.png,49,49,49,49,49,49,49,49
049_1_0019_1_j.png,49,39,43,39,38,46,39,49
049_1_0020_1_j.png,49,39,43,39,43,49,39,49
049_1_0021_1_j.png,49,49,46,43,49,49,49,49
050_0001_j.png,50,50,50,43,35,50,43,35
050_0002_j.png,50,50,50,35,35,50,50,35
050_0003_j.png,50,50,50,43,43,50,43,35
050_0004_j.png,50,50,50,50,35,50,50,35
050_0005_j.png,50,50,50,54,50,50,50,35
050_0006_j.png,50,50,35,35,54,50,50,35
050_0007_j.png,50,50,50,35,43,50,50,35
050_0008_j.png,50,50,50,50,50,50,50,35
050_0009_j.png,50,50,50,50,50,50,50,35
050_0010_j.png,50,50,50,50,50,50,50,35
050_1_0001_1_j.png,50,50,50,43,43,50,43,35
050_1_0002_1_j.png,50,50,50,35,43,50,50,35
050_1_0003_1_j.png,50,50,50,43,43,50,43,35
050_1_0004_1_j.png,50,50,50,50,35,50,50,35
050_1_0005_1_j.png,50,50,50,54,35,50,50,35
050_1_0006_1_j.png,50,50,35,35,35,50,50,35
050_1_0007_1_j.png,50,50,50,35,35,50,50,35
050_1_0008_1_j.png,50,50,50,50,50,50,50,35
050_1_0009_1_j.png,50,50,50,50,50,50,50,35
050_1_0010_1_j.png,50,50,50,50,50,50,50,35
051_0001_j.png,51,51,51,50,51,51,51,51
051_0004_j.png,51,51,50,50,51,51,51,51
051_1_0001_1_j.png,51,51,51,50,41,51,51,51
051_1_0004_1_j.png,51,51,50,50,51,51,51,51
052_0001_j.png,52,52,52,52,52,52,52,52
052_0002_j.png,52,52,52,52,52,52,52,52
052_0003_j.png,52,52,52,52,52,52,52,52
052_0004_j.png,52,52,52,52,52,52,52,52
052_0005_j.png,52,52,52,52,52,52,52,52
052_0006_j.png,52,52,52,52,52,52,52,52
052_0007_j.png,52,52,52,52,52,52,52,52
052_0009.png,52,30,30,30,30,30,52,30
052_0010.png,52,30,30,30,30,30,52,30
052_0011.png,52,30,30,30,30,30,52,30
052_0012.png,52,30,30,30,30,30,52,30
052_0013.png,52,52,52,52,52,52,52,52
052_0014.png,52,52,52,52,52,52,52,52
052_0015.png,52,52,52,52,52,52,52,52
052_0016.png,52,52,52,52,52,52,52,52
052_1_0001_1_j.png,52,52,52,52,52,52,52,52
052_1_0002_1_j.png,52,52,52,52,52,52,52,52
052_1_0003_1_j.png,52,52,52,52,52,52,52,52
052_1_0004_1_j.png,52,52,52,52,52,52,52,52
052_1_0005_1_j.png,52,52,52,52,52,52,52,52
052_1_0006_1_j.png,52,52,52,52,52,52,52,52
052_1_0007_1_j.png,52,52,52,52,52,52,52,52
052_1_0009.png,52,30,30,30,30,30,52,30
052_1_0010.png,52,30,30,30,30,30,52,30
052_1_0011.png,52,30,30,30,30,30,52,30
052_1_0012.png,52,30,30,30,30,30,52,30
052_1_0013.png,52,52,52,52,52,52,52,52
052_1_0014.png,52,52,52,52,52,52,52,52
052_1_0015.png,52,52,52,52,52,52,52,52
052_1_0016.png,52,52,52,52,52,52,52,52
053_0001_j.png,53,53,28,22,22,53,53,28
053_1_0001_1_j.png,53,53,28,22,22,53,53,28
054_0001_j.png,54,54,54,54,54,54,54,54
054_0002_j.png,54,54,54,54,54,54,54,54
054_0003_j.png,54,54,54,54,54,54,54,54
054_0004_j.png,54,54,54,54,54,54,54,54
054_0005_j.png,54,54,54,54,54,54,54,54
054_0006_j.png,54,54,54,54,30,54,26,54
054_0007_j.png,54,54,54,54,54,54,54,54
054_0008_j.png,54,54,54,54,54,54,54,54
054_0009_j.png,54,54,54,54,54,54,54,54
054_0010_j.png,54,54,54,54,54,54,54,54
054_0011_j.png,54,54,54,54,54,54,54,54
054_0012_j.png,54,54,54,54,54,54,54,54
054_0013_j.png,54,54,54,54,54,54,54,54
054_0014_j.png,54,54,54,54,54,54,54,54
054_0015_j.png,54,54,54,54,54,54,54,54
054_0016_j.png,54,54,54,54,30,54,54,54
054_0017_j.png,54,54,54,54,54,54,54,54
054_0018_j.png,54,54,54,54,54,54,54,54
054_0019_j.png,54,54,54,54,54,54,54,54
054_0020_j.png,54,54,54,54,54,54,54,54
054_0021_j.png,54,54,54,54,54,54,54,54
054_0022_j.png,54,54,54,54,54,54,54,54
054_0023_j.png,54,54,54,54,54,54,54,54
054_0024_j.png,54,54,54,54,54,54,54,54
054_0025_j.png,54,54,54,54,54,54,26,54
054_0026_j.png,54,54,54,54,30,54,54,54
054_0027_j.png,54,54,54,54,54,54,54,54
054_0028_j.png,54,54,54,54,54,54,54,54
054_0029_j.png,54,54,54,54,54,54,54,54
054_0030_j.png,54,54,54,54,54,54,54,54
054_0031_j.png,54,54,54,54,54,54,54,54
054_0032_j.png,54,54,54,54,54,54,54,54
054_0033_j.png,54,54,54,54,54,54,54,54
054_0034_j.png,54,54,54,54,54,54,54,54
054_0035_j.png,54,54,54,54,54,54,54,54
054_0036_j.png,54,54,54,54,54,54,54,54
054_0037_j.png,54,54,54,54,54,54,54,54
054_0038_j.png,54,54,54,54,54,54,54,54
054_0039_j.png,54,54,54,54,54,54,54,54
054_0040_j.png,54,54,54,54,54,54,54,54
054_0041_j.png,54,54,54,54,54,54,54,54
054_0042_j.png,54,54,54,54,54,54,54,54
054_0043_j.png,54,54,54,54,54,54,54,54
054_0044_j.png,54,54,54,54,54,54,54,54
054_0045_j.png,54,54,54,54,54,54,54,54
054_0046_j.png,54,54,54,54,54,54,54,54
054_0047_j.png,54,54,54,54,54,54,54,54
054_0048_j.png,54,54,54,54,54,54,54,54
054_0049_j.png,54,54,54,54,54,54,54,54
054_0050_j.png,54,30,54,54,30,30,30,54
054_0051_j.png,54,30,54,54,30,30,30,54
054_0052_j.png,54,54,30,54,54,54,54,54
054_0053_j.png,54,54,54,54,54,54,54,54
054_0054_j.png,54,54,54,54,54,54,54,54
054_0055_j.png,54,30,54,54,30,30,56,35
054_0056_j.png,54,54,54,54,54,54,54,54
054_0057_j.png,54,30,54,54,30,30,30,54
054_0058_j.png,54,54,30,54,30,54,30,54
054_0059_j.png,54,26,54,54,54,26,26,54
054_0060_j.png,54,26,54,54,54,26,26,54
054_0061_j.png,54,54,54,54,54,54,30,54
054_0062_j.png,54,31,54,21,54,31,30,54
054_0063_j.png,54,54,54,54,54,54,54,54
054_0064_j.png,54,54,54,54,54,54,54,54
054_0065_j.png,54,54,54,54,54,54,54,54
054_0066_j.png,54,54,54,54,54,54,54,54
054_0067_j.png,54,54,54,54,54,54,54,54
054_0068_j.png,54,54,54,54,54,54,26,54
054_0069_j.png,54,54,54,54,54,54,54,54
054_0070_j.png,54,54,54,54,30,54,54,54
054_0071_j.png,54,54,54,54,54,54,54,54
054_0072_j.png,54,54,54,54,54,54,54,54
054_0073_j.png,54,54,54,54,54,54,54,54
054_0074_j.png,54,54,54,54,54,54,54,54
054_0075_j.png,54,54,54,54,54,54,54,54
054_0076_j.png,54,54,54,54,54,54,54,54
054_0077_j.png,54,54,54,54,30,54,30,54
054_0078_j.png,54,54,54,54,30,54,30,54
054_0079_j.png,54,54,54,54,54,54,54,54
054_0080_j.png,54,54,54,54,54,54,54,54
054_0081_j.png,54,54,54,54,54,54,54,54
054_0082_j.png,54,54,54,54,54,54,54,54
054_0083_j.png,54,54,54,54,54,54,54,54
054_0084_j.png,54,54,54,54,54,54,54,54
054_0085_j.png,54,54,54,54,54,54,54,54
054_0086_j.png,54,54,54,54,54,54,54,54
054_0087_j.png,54,54,54,54,54,54,54,54
054_0088_j.png,54,54,54,54,54,54,54,54
054_1_0001_1_j.png,54,54,54,54,54,54,54,54
054_1_0002_1_j.png,54,54,54,54,54,54,54,54
054_1_0003_1_j.png,54,54,54,54,54,54,54,54
054_1_0004_1_j.png,54,54,54,54,54,54,54,54
054_1_0005_1_j.png,54,54,54,54,54,54,54,54
054_1_0006_1_j.png,54,54,54,54,54,54,26,54
054_1_0007_1_j.png,54,54,54,54,54,54,54,54
054_1_0008_1_j.png,54,54,54,54,54,54,54,54
054_1_0009_1_j.png,54,54,54,54,54,54,54,54
054_1_0010_1_j.png,54,54,54,54,54,54,54,54
054_1_0011_1_j.png,54,54,54,54,54,54,54,54
054_1_0012_1_j.png,54,54,54,54,54,54,54,54
054_1_0013_1_j.png,54,54,54,54,54,54,54,54
054_1_0014_1_j.png,54,54,54,54,54,54,54,54
054_1_0015_1_j.png,54,54,54,54,54,54,54,54
054_1_0016_1_j.png,54,54,54,54,54,54,54,54
054_1_0017_1_j.png,54,54,54,54,54,54,54,54
054_1_0018_1_j.png,54,54,54,54,54,54,54,54
054_1_0019_1_j.png,54,54,54,54,54,54,54,54
054_1_0020_1_j.png,54,54,54,54,54,54,54,54
054_1_0021_1_j.png,54,54,54,54,54,54,54,54
054_1_0022_1_j.png,54,54,54,54,54,54,54,54
054_1_0023_1_j.png,54,54,54,54,54,54,54,54
054_1_0024_1_j.png,54,54,54,54,54,54,54,54
054_1_0025_1_j.png,54,54,54,54,54,54,26,54
054_1_0026_1_j.png,54,54,54,54,54,54,54,54
054_1_0027_1_j.png,54,54,54,54,54,54,54,54
054_1_0028_1_j.png,54,54,54,54,54,54,54,54
054_1_0029_1_j.png,54,54,54,54,54,54,54,54
054_1_0030_1_j.png,54,54,54,54,54,54,54,54
054_1_0031_1_j.png,54,54,54,54,54,54,54,54
054_1_0032_1_j.png,54,54,54,54,54,54,54,54
054_1_0033_1_j.png,54,54,54,54,54,54,54,54
054_1_0034_1_j.png,54,54,54,54,54,54,54,54
054_1_0035_1_j.png,54,54,54,54,54,54,54,54
054_1_0036_1_j.png,54,54,54,54,54,54,54,54
054_1_0037_1_j.png,54,54,54,54,54,54,54,54
054_1_0038_1_j.png,54,54,54,54,54,54,54,54
054_1_0039_1_j.png,54,54,54,54,54,54,54,54
054_1_0040_1_j.png,54,54,54,54,54,54,54,54
054_1_0041_1_j.png,54,54,54,54,54,54,54,54
054_1_0042_1_j.png,54,54,54,54,54,54,54,54
054_1_0043_1_j.png,54,54,54,54,54,54,54,54
054_1_0044_1_j.png,54,54,54,54,54,54,54,54
054_1_0045_1_j.png,54,54,54,54,54,54,54,54
054_1_0046_1_j.png,54,54,54,54,54,54,54,54
054_1_0047_1_j.png,54,54,54,54,54,54,54,54
054_1_0048_1_j.png,54,54,54,54,54,54,54,54
054_1_0049_1_j.png,54,54,54,54,54,54,54,54
054_1_0050_1_j.png,54,30,54,54,30,30,30,54
054_1_0051_1_j.png,54,30,54,54,30,30,30,54
054_1_0052_1_j.png,54,54,30,54,54,54,54,54
054_1_0053_1_j.png,54,54,54,54,30,54,54,54
054_1_0054_1_j.png,54,54,54,54,54,54,54,54
054_1_0055_1_j.png,54,30,54,54,54,30,56,35
054_1_0056_1_j.png,54,54,54,54,54,54,54,54
054_1_0057_1_j.png,54,30,54,54,54,30,30,54
054_1_0058_1_j.png,54,54,30,54,54,54,30,54
054_1_0059_1_j.png,54,26,54,54,54,26,26,54
054_1_0060_1_j.png,54,26,54,54,54,26,26,54
054_1_0061_1_j.png,54,54,54,54,54,54,30,54
054_1_0062_1_j.png,54,31,54,21,54,31,30,54
054_1_0063_1_j.png,54,54,54,54,54,54,54,54
054_1_0064_1_j.png,54,54,54,54,54,54,54,54
054_1_0065_1_j.png,54,54,54,54,54,54,54,54
054_1_0066_1_j.png,54,54,54,54,54,54,54,54
054_1_0067_1_j.png,54,54,54,54,54,54,54,54
054_1_0068_1_j.png,54,54,54,54,29,54,26,54
054_1_0069_1_j.png,54,54,54,54,54,54,54,54
054_1_0070_1_j.png,54,54,54,54,54,54,54,54
054_1_0071_1_j.png,54,54,54,54,54,54,54,54
054_1_0072_1_j.png,54,54,54,54,54,54,54,54
054_1_0073_1_j.png,54,54,54,54,54,54,54,54
054_1_0074_1_j.png,54,54,54,54,54,54,54,54
054_1_0075_1_j.png,54,54,54,54,54,54,54,54
054_1_0076_1_j.png,54,54,54,54,54,54,54,54
054_1_0077_1_j.png,54,54,54,54,54,54,30,54
054_1_0078_1_j.png,54,54,54,54,30,54,30,54
054_1_0079_1_j.png,54,54,54,54,54,54,54,54
054_1_0080_1_j.png,54,54,54,54,54,54,54,54
054_1_0081_1_j.png,54,54,54,54,54,54,54,54
054_1_0082_1_j.png,54,54,54,54,54,54,54,54
054_1_0083_1_j.png,54,54,54,54,54,54,54,54
054_1_0084_1_j.png,54,54,54,54,54,54,54,54
054_1_0085_1_j.png,54,54,54,54,54,54,54,54
054_1_0086_1_j.png,54,54,54,54,54,54,54,54
054_1_0087_1_j.png,54,54,54,54,54,54,54,54
054_1_0088_1_j.png,54,54,54,54,54,54,54,54
055_0001_j.png,55,55,55,55,55,55,55,55
055_0002_j.png,55,55,55,55,55,55,55,55
055_0003_j.png,55,55,55,55,55,55,55,55
055_0004_j.png,55,55,55,55,55,55,55,55
055_0005_j.png,55,55,54,55,54,55,55,55
055_0006_j.png,55,55,55,55,54,55,55,54
055_0007_j.png,55,55,55,55,55,55,55,55
055_0008_j.png,55,29,55,55,29,55,29,29
055_0009_j.png,55,55,55,55,28,55,28,55
055_0010_j.png,55,23,29,55,47,55,47,54
055_0011_j.png,55,55,55,55,55,55,55,55
055_0012_j.png,55,55,55,55,29,55,55,55
055_0013_j.png,55,55,55,54,54,20,54,54
055_0014_j.png,55,27,55,55,57,55,27,55
055_0015_j.png,55,55,55,55,55,55,55,55
055_0016_j.png,55,55,55,55,29,55,55,55
055_0017_j.png,55,55,55,55,55,55,55,54
055_0018_j.png,55,55,55,55,54,55,55,55
055_0019_j.png,55,55,54,54,54,55,54,54
055_0020_j.png,55,55,55,55,55,55,55,55
055_0021_j.png,55,55,55,55,55,55,55,54
055_0022_j.png,55,55,55,55,55,55,55,28
055_0023_j.png,55,55,55,55,55,55,55,55
055_0024_j.png,55,55,55,54,55,55,55,55
055_0025_j.png,55,55,55,55,55,55,55,55
055_0026_j.png,55,55,55,55,54,55,55,55
055_0027_j.png,55,55,55,55,30,55,55,55
055_0028_j.png,55,55,55,55,55,55,55,55
055_0029_j.png,55,55,55,55,55,55,55,55
055_1_0001_1_j.png,55,55,55,55,55,55,55,55
055_1_0002_1_j.png,55,55,55,55,55,55,55,55
055_1_0003_1_j.png,55,55,55,55,55,55,55,55
055_1_0004_1_j.png,55,55,55,55,55,55,55,55
055_1_0005_1_j.png,55,55,54,55,54,55,55,55
055_1_0006_1_j.png,55,55,55,55,54,55,55,54
055_1_0007_1_j.png,55,55,55,55,55,55,55,55
055_1_0008_1_j.png,55,29,55,55,29,55,29,29
055_1_0009_1_j.png,55,55,55,55,28,55,28,55
055_1_0010_1_j.png,55,23,29,55,27,55,47,54
055_1_0011_1_j.png,55,55,55,55,55,55,55,55
055_1_0012_1_j.png,55,55,55,55,55,55,55,55
055_1_0013_1_j.png,55,55,55,54,54,20,54,54
055_1_0014_1_j.png,55,27,55,55,57,55,27,55
055_1_0015_1_j.png,55,55,55,55,55,55,55,55
055_1_0016_1_j.png,55,55,55,55,29,55,55,55
055_1_0017_1_j.png,55,55,55,55,55,55,55,54
055_1_0018_1_j.png,55,55,55,55,54,55,55,55
055_1_0019_1_j.png,55,55,54,54,54,55,54,54
055_1_0020_1_j.png,55,55,55,55,55,55,55,55
055_1_0021_1_j.png,55,55,55,55,55,55,55,54
055_1_0022_1_j.png,55,55,55,55,55,55,55,28
055_1_0023_1_j.png,55,55,55,55,55,55,55,55
055_1_0024_1_j.png,55,55,55,54,54,55,55,55
055_1_0025_1_j.png,55,55,55,55,55,55,55,55
055_1_0026_1_j.png,55,55,55,55,55,55,55,55
055_1_0027_1_j.png,55,55,55,55,54,55,55,55
055_1_0028_1_j.png,55,55,55,55,55,55,55,55
055_1_0029_1_j.png,55,55,55,55,55,55,55,55
056_0001_j.png,56,56,56,56,56,2,56,56
056_0002_j.png,56,56,56,56,56,56,56,56
056_0003_j.png,56,56,56,56,56,56,56,56
056_0004_j.png,56,56,56,56,56,56,56,56
056_0005_j.png,56,56,56,24,56,56,56,56
056_0006_j.png,56,56,56,45,45,56,56,45
056_0007_j.png,56,56,54,56,54,56,56,35
056_0008_j.png,56,56,56,54,56,56,56,54
056_0009_j.png,56,56,56,56,56,56,56,56
056_0010_j.png,56,56,56,56,56,56,56,56
056_0011_j.png,56,56,56,56,56,56,56,56
056_0012_j.png,56,56,56,56,56,56,56,56
056_0013_j.png,56,56,56,56,56,56,56,56
056_0014_j.png,56,56,54,54,54,56,56,45
056_0015_j.png,56,56,56,54,54,56,56,45
056_0016_j.png,56,56,54,56,56,56,56,56
056_0017_j.png,56,56,56,56,56,56,56,56
056_0018_j.png,56,54,54,54,30,56,54,35
056_0019_j.png,56,56,56,56,56,56,56,56
056_0020_j.png,56,54,54,54,54,54,54,54
056_1_0001_1_j.png,56,56,56,56,56,2,56,56
056_1_0002_1_j.png,56,56,56,56,56,56,56,56
056_1_0003_1_j.png,56,56,56,56,56,56,56,56
056_1_0004_1_j.png,56,56,56,56,56,56,56,56
056_1_0005_1_j.png,56,56,56,24,56,56,56,56
056_1_0006_1_j.png,56,56,56,45,45,56,56,45
056_1_0007_1_j.png,56,56,54,56,56,56,56,35
056_1_0008_1_j.png,56,56,56,54,54,56,56,54
056_1_0009_1_j.png,56,56,56,56,56,56,56,56
056_1_0010_1_j.png,56,56,56,56,56,56,56,56
056_1_0011_1_j.png,56,56,56,56,56,56,56,56
056_1_0012_1_j.png,56,56,56,56,56,56,56,56
056_1_0013_1_j.png,56,56,56,56,56,56,56,56
056_1_0014_1_j.png,56,56,54,54,54,56,56,45
056_1_0015_1_j.png,56,56,56,54,54,56,56,45
056_1_0016_1_j.png,56,56,54,56,56,56,56,56
056_1_0017_1_j.png,56,56,56,56,56,56,56,56
056_1_0018_1_j.png,56,54,54,54,45,56,54,35
056_1_0019_1_j.png,56,56,56,56,56,56,56,56
056_1_0020_1_j.png,56,54,54,54,54,54,54,54
057_0001_j.png,57,57,57,57,57,57,57,57
057_0002_j.png,57,57,57,57,57,57,57,57
057_1_0001_1_j.png,57,57,57,57,57,57,57,57
057_1_0002_1_j.png,57,57,57,57,57,57,57,57
